247462	/media/hdd2/Camara/Recordings/2026-08-19/01-20260819104916.jpg
206503	/media/hdd2/Camara/Recordings/2026-08-19/01-20260819173317.jpg
281387	/media/hdd2/Camara/Recordings/2026-08-20/01-20260820101434.jpg
252936	/media/hdd2/Camara/Recordings/2026-08-20/01-20260820102229.jpg
248411	/media/hdd2/Camara/Recordings/2026-08-20/02-20260820101555.jpg
238414	/media/hdd2/Camara/Recordings/2026-08-20/02-20260820103042.jpg
254069	/media/hdd2/Camara/Recordings/2026-08-20/03-20260820103916.jpg
248699	/media/hdd2/Camara/Recordings/2026-08-20/04-20260820104445.jpg
252509	/media/hdd2/Camara/Recordings/2026-08-20/05-20260820104859.jpg
222122	/media/hdd2/Camara/Recordings/2026-08-20/06-20260820110514.jpg
244995	/media/hdd2/Camara/Recordings/2026-08-20/07-20260820110847.jpg
224271	/media/hdd2/Camara/Recordings/2026-08-20/08-20260820111716.jpg
246499	/media/hdd2/Camara/Recordings/2026-08-20/09-20260820111753.jpg
229015	/media/hdd2/Camara/Recordings/2026-08-20/10-20260820111824.jpg
235948	/media/hdd2/Camara/Recordings/2026-08-20/13-20260820114008.jpg
233062	/media/hdd2/Camara/Recordings/2026-08-20/14-20260820114200.jpg
232324	/media/hdd2/Camara/Recordings/2026-08-20/15-20260820114341.jpg
226572	/media/hdd2/Camara/Recordings/2026-08-20/16-20260820114434.jpg
243331	/media/hdd2/Camara/Recordings/2026-08-20/17-20260820120721.jpg
229761	/media/hdd2/Camara/Recordings/2026-08-20/19-20260820122322.jpg
228142	/media/hdd2/Camara/Recordings/2026-08-20/20-20260820122938.jpg
219358	/media/hdd2/Camara/Recordings/2026-08-20/21-20260820123214.jpg
220453	/media/hdd2/Camara/Recordings/2026-08-20/22-20260820123231.jpg
225316	/media/hdd2/Camara/Recordings/2026-08-20/23-20260820123807.jpg
234955	/media/hdd2/Camara/Recordings/2026-08-20/24-20260820125710.jpg
221977	/media/hdd2/Camara/Recordings/2026-08-21/31-20260821092452.jpg
229102	/media/hdd2/Camara/Recordings/2026-08-21/33-20260821093501.jpg
219174	/media/hdd2/Camara/Recordings/2026-08-21/34-20260821093825.jpg
236945	/media/hdd2/Camara/Recordings/2026-08-21/35-20260821093841.jpg
239471	/media/hdd2/Camara/Recordings/2026-08-21/36-20260821100052.jpg
255041	/media/hdd2/Camara/Recordings/2026-08-21/37-20260821101605.jpg
261318	/media/hdd2/Camara/Recordings/2026-08-21/38-20260821101938.jpg
229570	/media/hdd2/Camara/Recordings/2026-08-21/39-20260821102038.jpg
249898	/media/hdd2/Camara/Recordings/2026-08-21/40-20260821102123.jpg
218446	/media/hdd2/Camara/Recordings/2026-08-21/41-20260821103047.jpg
235615	/media/hdd2/Camara/Recordings/2026-08-21/42-20260821103227.jpg
226665	/media/hdd2/Camara/Recordings/2026-08-21/43-20260821103547.jpg
231874	/media/hdd2/Camara/Recordings/2026-08-21/46-20260821111103.jpg
214819	/media/hdd2/Camara/Recordings/2026-08-21/48-20260821111718.jpg
223341	/media/hdd2/Camara/Recordings/2026-08-21/49-20260821111728.jpg
230285	/media/hdd2/Camara/Recordings/2026-08-21/50-20260821111951.jpg
217594	/media/hdd2/Camara/Recordings/2026-08-21/51-20260821114326.jpg
227093	/media/hdd2/Camara/Recordings/2026-08-21/53-20260821115814.jpg
207264	/media/hdd2/Camara/Recordings/2026-08-21/54-20260821115935.jpg
212206	/media/hdd2/Camara/Recordings/2026-08-21/57-20260821121634.jpg
225858	/media/hdd2/Camara/Recordings/2026-08-21/59-20260821124729.jpg
217036	/media/hdd2/Camara/Recordings/2026-08-21/71-20260821130112.jpg
253120	/media/hdd2/Camara/Recordings/2026-08-22/124-20260822095325.jpg
254527	/media/hdd2/Camara/Recordings/2026-08-22/125-20260822103644.jpg
258296	/media/hdd2/Camara/Recordings/2026-08-22/126-20260822104957.jpg
254481	/media/hdd2/Camara/Recordings/2026-08-22/127-20260822110204.jpg
245686	/media/hdd2/Camara/Recordings/2026-08-22/128-20260822110733.jpg
227047	/media/hdd2/Camara/Recordings/2026-08-22/129-20260822111857.jpg
220971	/media/hdd2/Camara/Recordings/2026-08-22/132-20260822114349.jpg
228617	/media/hdd2/Camara/Recordings/2026-08-22/133-20260822115344.jpg
206016	/media/hdd2/Camara/Recordings/2026-08-22/137-20260822120758.jpg
215255	/media/hdd2/Camara/Recordings/2026-08-23/162-20260823090920.jpg
238969	/media/hdd2/Camara/Recordings/2026-08-23/164-20260823094621.jpg
211293	/media/hdd2/Camara/Recordings/2026-08-23/165-20260823095301.jpg
241160	/media/hdd2/Camara/Recordings/2026-08-23/167-20260823111711.jpg
207578	/media/hdd2/Camara/Recordings/2026-08-23/168-20260823113332.jpg
207300	/media/hdd2/Camara/Recordings/2026-08-23/178-20260823120025.jpg
206960	/media/hdd2/Camara/Recordings/2026-08-23/181-20260823120054.jpg
207122	/media/hdd2/Camara/Recordings/2026-08-23/182-20260823120105.jpg
207749	/media/hdd2/Camara/Recordings/2026-08-23/183-20260823120119.jpg
206587	/media/hdd2/Camara/Recordings/2026-08-23/185-20260823120228.jpg
205293	/media/hdd2/Camara/Recordings/2026-08-23/189-20260823120411.jpg
205186	/media/hdd2/Camara/Recordings/2026-08-23/235-20260823122845.jpg
341788	/media/hdd2/Camara/Recordings/2026-08-29/01-20260829200312.jpg
338257	/media/hdd2/Camara/Recordings/2026-08-29/02-20260829205021.jpg
332971	/media/hdd2/Camara/Recordings/2026-08-29/03-20260829222132.jpg
328755	/media/hdd2/Camara/Recordings/2026-08-30/04-20260830002118.jpg
304364	/media/hdd2/Camara/Recordings/2026-08-30/10-20260830075441.jpg
349271	/media/hdd2/Camara/Recordings/2026-08-30/11-20260830111409.jpg
351659	/media/hdd2/Camara/Recordings/2026-08-30/12-20260830111501.jpg
339063	/media/hdd2/Camara/Recordings/2026-08-30/13-20260830111525.jpg
347720	/media/hdd2/Camara/Recordings/2026-08-30/14-20260830112117.jpg
318018	/media/hdd2/Camara/Recordings/2026-08-30/14-20260830112217.jpg
312543	/media/hdd2/Camara/Recordings/2026-08-30/14-20260830112317.jpg
333428	/media/hdd2/Camara/Recordings/2026-08-30/14-20260830112417.jpg
338630	/media/hdd2/Camara/Recordings/2026-08-30/14-20260830112517.jpg
342080	/media/hdd2/Camara/Recordings/2026-08-30/15-20260830112714.jpg
344558	/media/hdd2/Camara/Recordings/2026-08-30/16-20260830112852.jpg
346224	/media/hdd2/Camara/Recordings/2026-08-30/17-20260830114201.jpg
344742	/media/hdd2/Camara/Recordings/2026-08-30/18-20260830122149.jpg
343181	/media/hdd2/Camara/Recordings/2026-08-30/19-20260830122450.jpg
341037	/media/hdd2/Camara/Recordings/2026-08-30/20-20260830124712.jpg
330907	/media/hdd2/Camara/Recordings/2026-08-30/21-20260830124729.jpg
323973	/media/hdd2/Camara/Recordings/2026-08-30/22-20260830130507.jpg
331632	/media/hdd2/Camara/Recordings/2026-08-30/23-20260830130535.jpg
348469	/media/hdd2/Camara/Recordings/2026-08-30/24-20260830140130.jpg
351683	/media/hdd2/Camara/Recordings/2026-08-30/25-20260830141247.jpg
357171	/media/hdd2/Camara/Recordings/2026-08-30/26-20260830152833.jpg
359827	/media/hdd2/Camara/Recordings/2026-08-30/27-20260830153020.jpg
366427	/media/hdd2/Camara/Recordings/2026-08-30/28-20260830164143.jpg
364343	/media/hdd2/Camara/Recordings/2026-08-30/29-20260830173122.jpg
375168	/media/hdd2/Camara/Recordings/2026-08-30/30-20260830180453.jpg
357716	/media/hdd2/Camara/Recordings/2026-08-30/31-20260830183146.jpg
357297	/media/hdd2/Camara/Recordings/2026-08-30/32-20260830184956.jpg
323196	/media/hdd2/Camara/Recordings/2026-08-30/33-20260830185157.jpg
349642	/media/hdd2/Camara/Recordings/2026-08-30/34-20260830224143.jpg
347258	/media/hdd2/Camara/Recordings/2026-08-30/35-20260830224218.jpg
344077	/media/hdd2/Camara/Recordings/2026-08-31/01-20260831123741.jpg
366361	/media/hdd2/Camara/Recordings/2026-08-31/01-20260831162304.jpg
338453	/media/hdd2/Camara/Recordings/2026-08-31/02-20260831124106.jpg
371798	/media/hdd2/Camara/Recordings/2026-08-31/02-20260831163138.jpg
362066	/media/hdd2/Camara/Recordings/2026-08-31/03-20260831124207.jpg
377710	/media/hdd2/Camara/Recordings/2026-08-31/03-20260831164503.jpg
360196	/media/hdd2/Camara/Recordings/2026-08-31/04-20260831124341.jpg
362537	/media/hdd2/Camara/Recordings/2026-08-31/04-20260831164513.jpg
385059	/media/hdd2/Camara/Recordings/2026-08-31/05-20260831131032.jpg
379398	/media/hdd2/Camara/Recordings/2026-08-31/05-20260831164603.jpg
356382	/media/hdd2/Camara/Recordings/2026-08-31/06-20260831131137.jpg
377024	/media/hdd2/Camara/Recordings/2026-08-31/06-20260831164658.jpg
374724	/media/hdd2/Camara/Recordings/2026-08-31/07-20260831131803.jpg
372420	/media/hdd2/Camara/Recordings/2026-08-31/07-20260831171651.jpg
361292	/media/hdd2/Camara/Recordings/2026-08-31/08-20260831132056.jpg
386111	/media/hdd2/Camara/Recordings/2026-08-31/08-20260831173826.jpg
364946	/media/hdd2/Camara/Recordings/2026-08-31/09-20260831132622.jpg
389819	/media/hdd2/Camara/Recordings/2026-08-31/09-20260831173854.jpg
368221	/media/hdd2/Camara/Recordings/2026-08-31/10-20260831133412.jpg
379928	/media/hdd2/Camara/Recordings/2026-08-31/10-20260831174001.jpg
379188	/media/hdd2/Camara/Recordings/2026-08-31/11-20260831133554.jpg
389434	/media/hdd2/Camara/Recordings/2026-08-31/11-20260831180457.jpg
383649	/media/hdd2/Camara/Recordings/2026-08-31/12-20260831150106.jpg
388456	/media/hdd2/Camara/Recordings/2026-08-31/12-20260831180544.jpg
382262	/media/hdd2/Camara/Recordings/2026-08-31/13-20260831150515.jpg
386794	/media/hdd2/Camara/Recordings/2026-08-31/13-20260831180625.jpg
393846	/media/hdd2/Camara/Recordings/2026-08-31/14-20260831151124.jpg
349923	/media/hdd2/Camara/Recordings/2026-08-31/14-20260831185020.jpg
383606	/media/hdd2/Camara/Recordings/2026-08-31/15-20260831160947.jpg
260307	/media/hdd2/Camara/Recordings/2026-08-31/15-20260831185311.jpg
338302	/media/hdd2/Camara/Recordings/2026-08-31/16-20260831190541.jpg
338782	/media/hdd2/Camara/Recordings/2026-08-31/17-20260831190959.jpg
327802	/media/hdd2/Camara/Recordings/2026-08-31/18-20260831192251.jpg
324342	/media/hdd2/Camara/Recordings/2026-08-31/19-20260831193110.jpg
325563	/media/hdd2/Camara/Recordings/2026-08-31/20-20260831193310.jpg
325949	/media/hdd2/Camara/Recordings/2026-08-31/21-20260831193625.jpg
324248	/media/hdd2/Camara/Recordings/2026-08-31/22-20260831195024.jpg
363533	/media/hdd2/Camara/Recordings/2026-08-31/23-20260831222202.jpg
350334	/media/hdd2/Camara/Recordings/2026-08-31/24-20260831222216.jpg
360899	/media/hdd2/Camara/Recordings/2026-08-31/25-20260831223552.jpg
360517	/media/hdd2/Camara/Recordings/2026-08-31/26-20260831230755.jpg
355307	/media/hdd2/Camara/Recordings/2026-08-31/27-20260831230813.jpg
349902	/media/hdd2/Camara/Recordings/2026-08-31/36-20260831003201.jpg
222309	/media/hdd2/Camara/Recordings/2026-08-31/37-20260831004112.jpg
206045	/media/hdd2/Camara/Recordings/2026-08-31/50-20260831041917.jpg
208484	/media/hdd2/Camara/Recordings/2026-08-31/51-20260831043712.jpg
210291	/media/hdd2/Camara/Recordings/2026-08-31/52-20260831053213.jpg
213010	/media/hdd2/Camara/Recordings/2026-08-31/54-20260831061146.jpg
210360	/media/hdd2/Camara/Recordings/2026-08-31/55-20260831064122.jpg
208584	/media/hdd2/Camara/Recordings/2026-08-31/56-20260831064132.jpg
208054	/media/hdd2/Camara/Recordings/2026-08-31/57-20260831064358.jpg
204869	/media/hdd2/Camara/Recordings/2026-08-31/58-20260831064914.jpg
314085	/media/hdd2/Camara/Recordings/2026-08-31/59-20260831074933.jpg
368399	/media/hdd2/Camara/Recordings/2026-08-31/60-20260831091654.jpg
386351	/media/hdd2/Camara/Recordings/2026-08-31/61-20260831093336.jpg
375040	/media/hdd2/Camara/Recordings/2026-08-31/62-20260831095210.jpg
383342	/media/hdd2/Camara/Recordings/2026-08-31/64-20260831103411.jpg
383142	/media/hdd2/Camara/Recordings/2026-08-31/65-20260831104424.jpg
375420	/media/hdd2/Camara/Recordings/2026-08-31/66-20260831104515.jpg
386713	/media/hdd2/Camara/Recordings/2026-08-31/67-20260831110036.jpg
391302	/media/hdd2/Camara/Recordings/2026-08-31/68-20260831110728.jpg
390761	/media/hdd2/Camara/Recordings/2026-08-31/69-20260831111056.jpg
353023	/media/hdd2/Camara/Recordings/2026-08-31/70-20260831121704.jpg
345354	/media/hdd2/Camara/Recordings/2026-08-31/71-20260831121857.jpg
389233	/media/hdd2/Camara/Recordings/2026-09-01/01-20260901095229.jpg
353241	/media/hdd2/Camara/Recordings/2026-09-01/01-20260901170646.jpg
355138	/media/hdd2/Camara/Recordings/2026-09-01/02-20260901171021.jpg
354670	/media/hdd2/Camara/Recordings/2026-09-01/03-20260901174335.jpg
368228	/media/hdd2/Camara/Recordings/2026-09-01/04-20260901180119.jpg
383367	/media/hdd2/Camara/Recordings/2026-09-01/06-20260901095823.jpg
341907	/media/hdd2/Camara/Recordings/2026-09-01/06-20260901194720.jpg
383541	/media/hdd2/Camara/Recordings/2026-09-01/07-20260901095853.jpg
340582	/media/hdd2/Camara/Recordings/2026-09-01/07-20260901195926.jpg
380574	/media/hdd2/Camara/Recordings/2026-09-01/08-20260901095949.jpg
340964	/media/hdd2/Camara/Recordings/2026-09-01/08-20260901200933.jpg
362312	/media/hdd2/Camara/Recordings/2026-09-01/09-20260901100014.jpg
333503	/media/hdd2/Camara/Recordings/2026-09-01/09-20260901220005.jpg
351291	/media/hdd2/Camara/Recordings/2026-09-01/100-20260901112404.jpg
370441	/media/hdd2/Camara/Recordings/2026-09-01/10-20260901100034.jpg
354944	/media/hdd2/Camara/Recordings/2026-09-01/10-20260901222037.jpg
345040	/media/hdd2/Camara/Recordings/2026-09-01/102-20260901112447.jpg
352745	/media/hdd2/Camara/Recordings/2026-09-01/103-20260901112622.jpg
352944	/media/hdd2/Camara/Recordings/2026-09-01/104-20260901112714.jpg
347489	/media/hdd2/Camara/Recordings/2026-09-01/105-20260901112746.jpg
346924	/media/hdd2/Camara/Recordings/2026-09-01/107-20260901112827.jpg
350781	/media/hdd2/Camara/Recordings/2026-09-01/108-20260901112904.jpg
353155	/media/hdd2/Camara/Recordings/2026-09-01/109-20260901113040.jpg
346646	/media/hdd2/Camara/Recordings/2026-09-01/110-20260901113132.jpg
350325	/media/hdd2/Camara/Recordings/2026-09-01/11-20260901235141.jpg
347947	/media/hdd2/Camara/Recordings/2026-09-01/112-20260901113449.jpg
354730	/media/hdd2/Camara/Recordings/2026-09-01/113-20260901113509.jpg
353875	/media/hdd2/Camara/Recordings/2026-09-01/114-20260901113534.jpg
354990	/media/hdd2/Camara/Recordings/2026-09-01/116-20260901113636.jpg
353925	/media/hdd2/Camara/Recordings/2026-09-01/118-20260901113753.jpg
352568	/media/hdd2/Camara/Recordings/2026-09-01/119-20260901113841.jpg
346761	/media/hdd2/Camara/Recordings/2026-09-01/120-20260901113908.jpg
350931	/media/hdd2/Camara/Recordings/2026-09-01/121-20260901113945.jpg
359581	/media/hdd2/Camara/Recordings/2026-09-01/12-20260901100219.jpg
340116	/media/hdd2/Camara/Recordings/2026-09-01/123-20260901114104.jpg
349641	/media/hdd2/Camara/Recordings/2026-09-01/124-20260901114249.jpg
350111	/media/hdd2/Camara/Recordings/2026-09-01/125-20260901114324.jpg
349113	/media/hdd2/Camara/Recordings/2026-09-01/126-20260901114332.jpg
356028	/media/hdd2/Camara/Recordings/2026-09-01/128-20260901114449.jpg
351723	/media/hdd2/Camara/Recordings/2026-09-01/129-20260901114504.jpg
325377	/media/hdd2/Camara/Recordings/2026-09-01/130-20260901114527.jpg
338309	/media/hdd2/Camara/Recordings/2026-09-01/131-20260901114556.jpg
364043	/media/hdd2/Camara/Recordings/2026-09-01/13-20260901100246.jpg
344744	/media/hdd2/Camara/Recordings/2026-09-01/132-20260901114644.jpg
344927	/media/hdd2/Camara/Recordings/2026-09-01/133-20260901114654.jpg
340978	/media/hdd2/Camara/Recordings/2026-09-01/134-20260901114707.jpg
348612	/media/hdd2/Camara/Recordings/2026-09-01/135-20260901114716.jpg
336635	/media/hdd2/Camara/Recordings/2026-09-01/136-20260901114730.jpg
353969	/media/hdd2/Camara/Recordings/2026-09-01/137-20260901114929.jpg
351186	/media/hdd2/Camara/Recordings/2026-09-01/138-20260901115028.jpg
351304	/media/hdd2/Camara/Recordings/2026-09-01/139-20260901115228.jpg
351048	/media/hdd2/Camara/Recordings/2026-09-01/140-20260901115348.jpg
338267	/media/hdd2/Camara/Recordings/2026-09-01/141-20260901115523.jpg
360175	/media/hdd2/Camara/Recordings/2026-09-01/14-20260901100311.jpg
328093	/media/hdd2/Camara/Recordings/2026-09-01/142-20260901115556.jpg
342624	/media/hdd2/Camara/Recordings/2026-09-01/143-20260901115835.jpg
342959	/media/hdd2/Camara/Recordings/2026-09-01/144-20260901115848.jpg
347544	/media/hdd2/Camara/Recordings/2026-09-01/145-20260901115901.jpg
336355	/media/hdd2/Camara/Recordings/2026-09-01/146-20260901120013.jpg
338935	/media/hdd2/Camara/Recordings/2026-09-01/148-20260901120120.jpg
337042	/media/hdd2/Camara/Recordings/2026-09-01/149-20260901120131.jpg
334958	/media/hdd2/Camara/Recordings/2026-09-01/151-20260901120203.jpg
337596	/media/hdd2/Camara/Recordings/2026-09-01/153-20260901120341.jpg
331653	/media/hdd2/Camara/Recordings/2026-09-01/154-20260901120403.jpg
331695	/media/hdd2/Camara/Recordings/2026-09-01/155-20260901120434.jpg
336014	/media/hdd2/Camara/Recordings/2026-09-01/157-20260901120754.jpg
334758	/media/hdd2/Camara/Recordings/2026-09-01/158-20260901120937.jpg
331047	/media/hdd2/Camara/Recordings/2026-09-01/159-20260901120957.jpg
338045	/media/hdd2/Camara/Recordings/2026-09-01/160-20260901121107.jpg
324974	/media/hdd2/Camara/Recordings/2026-09-01/160-20260901121207.jpg
336622	/media/hdd2/Camara/Recordings/2026-09-01/160-20260901121307.jpg
339444	/media/hdd2/Camara/Recordings/2026-09-01/160-20260901121407.jpg
371043	/media/hdd2/Camara/Recordings/2026-09-01/16-20260901100433.jpg
333941	/media/hdd2/Camara/Recordings/2026-09-01/163-20260901121556.jpg
329354	/media/hdd2/Camara/Recordings/2026-09-01/164-20260901121613.jpg
341830	/media/hdd2/Camara/Recordings/2026-09-01/165-20260901121650.jpg
331618	/media/hdd2/Camara/Recordings/2026-09-01/166-20260901121825.jpg
327492	/media/hdd2/Camara/Recordings/2026-09-01/167-20260901121900.jpg
330310	/media/hdd2/Camara/Recordings/2026-09-01/168-20260901121957.jpg
326258	/media/hdd2/Camara/Recordings/2026-09-01/170-20260901122138.jpg
324151	/media/hdd2/Camara/Recordings/2026-09-01/172-20260901122327.jpg
334001	/media/hdd2/Camara/Recordings/2026-09-01/173-20260901122353.jpg
343319	/media/hdd2/Camara/Recordings/2026-09-01/175-20260901122523.jpg
345994	/media/hdd2/Camara/Recordings/2026-09-01/176-20260901122631.jpg
341688	/media/hdd2/Camara/Recordings/2026-09-01/178-20260901122709.jpg
344500	/media/hdd2/Camara/Recordings/2026-09-01/179-20260901122818.jpg
344335	/media/hdd2/Camara/Recordings/2026-09-01/180-20260901122841.jpg
342979	/media/hdd2/Camara/Recordings/2026-09-01/181-20260901122909.jpg
343336	/media/hdd2/Camara/Recordings/2026-09-01/182-20260901122933.jpg
346715	/media/hdd2/Camara/Recordings/2026-09-01/183-20260901123009.jpg
330669	/media/hdd2/Camara/Recordings/2026-09-01/184-20260901123026.jpg
340764	/media/hdd2/Camara/Recordings/2026-09-01/186-20260901123156.jpg
338443	/media/hdd2/Camara/Recordings/2026-09-01/187-20260901123203.jpg
335906	/media/hdd2/Camara/Recordings/2026-09-01/188-20260901123218.jpg
344846	/media/hdd2/Camara/Recordings/2026-09-01/189-20260901123304.jpg
337630	/media/hdd2/Camara/Recordings/2026-09-01/190-20260901123319.jpg
336328	/media/hdd2/Camara/Recordings/2026-09-01/191-20260901123330.jpg
366463	/media/hdd2/Camara/Recordings/2026-09-01/19-20260901100610.jpg
345651	/media/hdd2/Camara/Recordings/2026-09-01/192-20260901123447.jpg
335845	/media/hdd2/Camara/Recordings/2026-09-01/193-20260901123504.jpg
345351	/media/hdd2/Camara/Recordings/2026-09-01/195-20260901123615.jpg
344291	/media/hdd2/Camara/Recordings/2026-09-01/196-20260901123632.jpg
338075	/media/hdd2/Camara/Recordings/2026-09-01/198-20260901123736.jpg
344974	/media/hdd2/Camara/Recordings/2026-09-01/199-20260901123823.jpg
349822	/media/hdd2/Camara/Recordings/2026-09-01/201-20260901124022.jpg
364300	/media/hdd2/Camara/Recordings/2026-09-01/20-20260901100653.jpg
354646	/media/hdd2/Camara/Recordings/2026-09-01/202-20260901124052.jpg
343086	/media/hdd2/Camara/Recordings/2026-09-01/203-20260901124655.jpg
336523	/media/hdd2/Camara/Recordings/2026-09-01/204-20260901124725.jpg
343518	/media/hdd2/Camara/Recordings/2026-09-01/206-20260901125027.jpg
344274	/media/hdd2/Camara/Recordings/2026-09-01/207-20260901125144.jpg
339303	/media/hdd2/Camara/Recordings/2026-09-01/208-20260901125236.jpg
327333	/media/hdd2/Camara/Recordings/2026-09-01/210-20260901125343.jpg
338070	/media/hdd2/Camara/Recordings/2026-09-01/211-20260901125407.jpg
364411	/media/hdd2/Camara/Recordings/2026-09-01/21-20260901100845.jpg
339979	/media/hdd2/Camara/Recordings/2026-09-01/212-20260901125418.jpg
332813	/media/hdd2/Camara/Recordings/2026-09-01/214-20260901125453.jpg
334324	/media/hdd2/Camara/Recordings/2026-09-01/215-20260901125503.jpg
339957	/media/hdd2/Camara/Recordings/2026-09-01/216-20260901125607.jpg
332479	/media/hdd2/Camara/Recordings/2026-09-01/218-20260901125639.jpg
339112	/media/hdd2/Camara/Recordings/2026-09-01/219-20260901125945.jpg
332548	/media/hdd2/Camara/Recordings/2026-09-01/220-20260901130049.jpg
341051	/media/hdd2/Camara/Recordings/2026-09-01/221-20260901130127.jpg
367384	/media/hdd2/Camara/Recordings/2026-09-01/22-20260901100853.jpg
339789	/media/hdd2/Camara/Recordings/2026-09-01/222-20260901130137.jpg
339844	/media/hdd2/Camara/Recordings/2026-09-01/223-20260901130205.jpg
335465	/media/hdd2/Camara/Recordings/2026-09-01/224-20260901130239.jpg
334776	/media/hdd2/Camara/Recordings/2026-09-01/225-20260901130304.jpg
337436	/media/hdd2/Camara/Recordings/2026-09-01/227-20260901130441.jpg
334860	/media/hdd2/Camara/Recordings/2026-09-01/228-20260901130533.jpg
340867	/media/hdd2/Camara/Recordings/2026-09-01/229-20260901130653.jpg
337138	/media/hdd2/Camara/Recordings/2026-09-01/231-20260901130753.jpg
373083	/media/hdd2/Camara/Recordings/2026-09-01/23-20260901100935.jpg
343076	/media/hdd2/Camara/Recordings/2026-09-01/232-20260901131104.jpg
342659	/media/hdd2/Camara/Recordings/2026-09-01/233-20260901131139.jpg
352623	/media/hdd2/Camara/Recordings/2026-09-01/234-20260901131353.jpg
343854	/media/hdd2/Camara/Recordings/2026-09-01/235-20260901131444.jpg
340455	/media/hdd2/Camara/Recordings/2026-09-01/236-20260901131500.jpg
328160	/media/hdd2/Camara/Recordings/2026-09-01/237-20260901131509.jpg
342905	/media/hdd2/Camara/Recordings/2026-09-01/238-20260901131610.jpg
356775	/media/hdd2/Camara/Recordings/2026-09-01/239-20260901131830.jpg
364257	/media/hdd2/Camara/Recordings/2026-09-01/240-20260901131903.jpg
349150	/media/hdd2/Camara/Recordings/2026-09-01/241-20260901131934.jpg
368852	/media/hdd2/Camara/Recordings/2026-09-01/242-20260901132202.jpg
377403	/media/hdd2/Camara/Recordings/2026-09-01/243-20260901132334.jpg
360601	/media/hdd2/Camara/Recordings/2026-09-01/244-20260901132402.jpg
375271	/media/hdd2/Camara/Recordings/2026-09-01/246-20260901132507.jpg
373097	/media/hdd2/Camara/Recordings/2026-09-01/247-20260901132634.jpg
365036	/media/hdd2/Camara/Recordings/2026-09-01/248-20260901132652.jpg
371976	/media/hdd2/Camara/Recordings/2026-09-01/249-20260901132707.jpg
366388	/media/hdd2/Camara/Recordings/2026-09-01/250-20260901132725.jpg
370496	/media/hdd2/Camara/Recordings/2026-09-01/251-20260901132827.jpg
365459	/media/hdd2/Camara/Recordings/2026-09-01/25-20260901101035.jpg
371233	/media/hdd2/Camara/Recordings/2026-09-01/252-20260901132922.jpg
371107	/media/hdd2/Camara/Recordings/2026-09-01/253-20260901132948.jpg
368512	/media/hdd2/Camara/Recordings/2026-09-01/254-20260901132958.jpg
364519	/media/hdd2/Camara/Recordings/2026-09-01/255-20260901133111.jpg
361858	/media/hdd2/Camara/Recordings/2026-09-01/256-20260901133140.jpg
361923	/media/hdd2/Camara/Recordings/2026-09-01/257-20260901133150.jpg
361580	/media/hdd2/Camara/Recordings/2026-09-01/258-20260901133243.jpg
357339	/media/hdd2/Camara/Recordings/2026-09-01/259-20260901133339.jpg
358474	/media/hdd2/Camara/Recordings/2026-09-01/260-20260901133515.jpg
356875	/media/hdd2/Camara/Recordings/2026-09-01/261-20260901133619.jpg
356189	/media/hdd2/Camara/Recordings/2026-09-01/262-20260901133632.jpg
354090	/media/hdd2/Camara/Recordings/2026-09-01/263-20260901133657.jpg
357842	/media/hdd2/Camara/Recordings/2026-09-01/264-20260901133735.jpg
352668	/media/hdd2/Camara/Recordings/2026-09-01/265-20260901133807.jpg
345189	/media/hdd2/Camara/Recordings/2026-09-01/266-20260901133838.jpg
344717	/media/hdd2/Camara/Recordings/2026-09-01/268-20260901133912.jpg
350386	/media/hdd2/Camara/Recordings/2026-09-01/269-20260901133944.jpg
351376	/media/hdd2/Camara/Recordings/2026-09-01/270-20260901133952.jpg
350387	/media/hdd2/Camara/Recordings/2026-09-01/271-20260901134023.jpg
369306	/media/hdd2/Camara/Recordings/2026-09-01/27-20260901101157.jpg
348735	/media/hdd2/Camara/Recordings/2026-09-01/272-20260901134035.jpg
343704	/media/hdd2/Camara/Recordings/2026-09-01/274-20260901134114.jpg
344911	/media/hdd2/Camara/Recordings/2026-09-01/275-20260901134134.jpg
339866	/media/hdd2/Camara/Recordings/2026-09-01/276-20260901134158.jpg
350615	/media/hdd2/Camara/Recordings/2026-09-01/277-20260901134223.jpg
348304	/media/hdd2/Camara/Recordings/2026-09-01/278-20260901134307.jpg
348005	/media/hdd2/Camara/Recordings/2026-09-01/280-20260901134344.jpg
329038	/media/hdd2/Camara/Recordings/2026-09-01/281-20260901134407.jpg
361719	/media/hdd2/Camara/Recordings/2026-09-01/28-20260901001152.jpg
359813	/media/hdd2/Camara/Recordings/2026-09-01/28-20260901101219.jpg
337192	/media/hdd2/Camara/Recordings/2026-09-01/282-20260901134518.jpg
349046	/media/hdd2/Camara/Recordings/2026-09-01/284-20260901134543.jpg
351846	/media/hdd2/Camara/Recordings/2026-09-01/285-20260901134709.jpg
343830	/media/hdd2/Camara/Recordings/2026-09-01/286-20260901134734.jpg
349249	/media/hdd2/Camara/Recordings/2026-09-01/287-20260901134827.jpg
356843	/media/hdd2/Camara/Recordings/2026-09-01/288-20260901134931.jpg
345029	/media/hdd2/Camara/Recordings/2026-09-01/289-20260901135016.jpg
353091	/media/hdd2/Camara/Recordings/2026-09-01/290-20260901135127.jpg
366221	/media/hdd2/Camara/Recordings/2026-09-01/291-20260901135358.jpg
226986	/media/hdd2/Camara/Recordings/2026-09-01/29-20260901003154.jpg
356293	/media/hdd2/Camara/Recordings/2026-09-01/29-20260901101252.jpg
362644	/media/hdd2/Camara/Recordings/2026-09-01/293-20260901135440.jpg
365789	/media/hdd2/Camara/Recordings/2026-09-01/294-20260901135534.jpg
362440	/media/hdd2/Camara/Recordings/2026-09-01/295-20260901135606.jpg
367759	/media/hdd2/Camara/Recordings/2026-09-01/296-20260901135640.jpg
369746	/media/hdd2/Camara/Recordings/2026-09-01/297-20260901135729.jpg
349144	/media/hdd2/Camara/Recordings/2026-09-01/298-20260901135820.jpg
353200	/media/hdd2/Camara/Recordings/2026-09-01/299-20260901135922.jpg
345060	/media/hdd2/Camara/Recordings/2026-09-01/301-20260901135946.jpg
215133	/media/hdd2/Camara/Recordings/2026-09-01/30-20260901014042.jpg
352714	/media/hdd2/Camara/Recordings/2026-09-01/30-20260901101400.jpg
377129	/media/hdd2/Camara/Recordings/2026-09-01/302-20260901140344.jpg
381958	/media/hdd2/Camara/Recordings/2026-09-01/303-20260901140411.jpg
380420	/media/hdd2/Camara/Recordings/2026-09-01/304-20260901140445.jpg
381147	/media/hdd2/Camara/Recordings/2026-09-01/305-20260901140737.jpg
375090	/media/hdd2/Camara/Recordings/2026-09-01/306-20260901140942.jpg
375130	/media/hdd2/Camara/Recordings/2026-09-01/307-20260901140955.jpg
364770	/media/hdd2/Camara/Recordings/2026-09-01/309-20260901141037.jpg
371536	/media/hdd2/Camara/Recordings/2026-09-01/310-20260901141051.jpg
378176	/media/hdd2/Camara/Recordings/2026-09-01/311-20260901141113.jpg
217292	/media/hdd2/Camara/Recordings/2026-09-01/31-20260901015843.jpg
367891	/media/hdd2/Camara/Recordings/2026-09-01/313-20260901141141.jpg
375722	/media/hdd2/Camara/Recordings/2026-09-01/314-20260901141251.jpg
372853	/media/hdd2/Camara/Recordings/2026-09-01/315-20260901141330.jpg
369184	/media/hdd2/Camara/Recordings/2026-09-01/316-20260901141352.jpg
366879	/media/hdd2/Camara/Recordings/2026-09-01/317-20260901141438.jpg
362806	/media/hdd2/Camara/Recordings/2026-09-01/319-20260901141558.jpg
357640	/media/hdd2/Camara/Recordings/2026-09-01/320-20260901141609.jpg
358546	/media/hdd2/Camara/Recordings/2026-09-01/321-20260901141648.jpg
218068	/media/hdd2/Camara/Recordings/2026-09-01/32-20260901021144.jpg
360474	/media/hdd2/Camara/Recordings/2026-09-01/32-20260901101547.jpg
355673	/media/hdd2/Camara/Recordings/2026-09-01/323-20260901141756.jpg
344814	/media/hdd2/Camara/Recordings/2026-09-01/324-20260901141818.jpg
349687	/media/hdd2/Camara/Recordings/2026-09-01/325-20260901141941.jpg
347216	/media/hdd2/Camara/Recordings/2026-09-01/327-20260901142059.jpg
359351	/media/hdd2/Camara/Recordings/2026-09-01/328-20260901142123.jpg
360550	/media/hdd2/Camara/Recordings/2026-09-01/330-20260901142200.jpg
361809	/media/hdd2/Camara/Recordings/2026-09-01/331-20260901142240.jpg
216326	/media/hdd2/Camara/Recordings/2026-09-01/33-20260901021312.jpg
365021	/media/hdd2/Camara/Recordings/2026-09-01/33-20260901101733.jpg
347646	/media/hdd2/Camara/Recordings/2026-09-01/33-20260901101839.jpg
360920	/media/hdd2/Camara/Recordings/2026-09-01/332-20260901142408.jpg
353894	/media/hdd2/Camara/Recordings/2026-09-01/333-20260901142421.jpg
363223	/media/hdd2/Camara/Recordings/2026-09-01/334-20260901142507.jpg
364578	/media/hdd2/Camara/Recordings/2026-09-01/335-20260901142556.jpg
354004	/media/hdd2/Camara/Recordings/2026-09-01/336-20260901142620.jpg
360112	/media/hdd2/Camara/Recordings/2026-09-01/337-20260901142718.jpg
359968	/media/hdd2/Camara/Recordings/2026-09-01/338-20260901142811.jpg
359998	/media/hdd2/Camara/Recordings/2026-09-01/339-20260901142826.jpg
355001	/media/hdd2/Camara/Recordings/2026-09-01/340-20260901142845.jpg
359883	/media/hdd2/Camara/Recordings/2026-09-01/341-20260901142919.jpg
216721	/media/hdd2/Camara/Recordings/2026-09-01/34-20260901021437.jpg
358518	/media/hdd2/Camara/Recordings/2026-09-01/34-20260901101940.jpg
360005	/media/hdd2/Camara/Recordings/2026-09-01/342-20260901142938.jpg
353875	/media/hdd2/Camara/Recordings/2026-09-01/344-20260901143409.jpg
364498	/media/hdd2/Camara/Recordings/2026-09-01/345-20260901143500.jpg
350595	/media/hdd2/Camara/Recordings/2026-09-01/346-20260901143521.jpg
358605	/media/hdd2/Camara/Recordings/2026-09-01/347-20260901143546.jpg
360001	/media/hdd2/Camara/Recordings/2026-09-01/348-20260901143623.jpg
363604	/media/hdd2/Camara/Recordings/2026-09-01/349-20260901143701.jpg
353169	/media/hdd2/Camara/Recordings/2026-09-01/350-20260901143713.jpg
357262	/media/hdd2/Camara/Recordings/2026-09-01/351-20260901143837.jpg
216026	/media/hdd2/Camara/Recordings/2026-09-01/35-20260901024725.jpg
365106	/media/hdd2/Camara/Recordings/2026-09-01/352-20260901143927.jpg
358941	/media/hdd2/Camara/Recordings/2026-09-01/353-20260901144057.jpg
354981	/media/hdd2/Camara/Recordings/2026-09-01/354-20260901144115.jpg
360830	/media/hdd2/Camara/Recordings/2026-09-01/356-20260901144152.jpg
363526	/media/hdd2/Camara/Recordings/2026-09-01/357-20260901144224.jpg
348757	/media/hdd2/Camara/Recordings/2026-09-01/358-20260901144243.jpg
359923	/media/hdd2/Camara/Recordings/2026-09-01/359-20260901144439.jpg
357244	/media/hdd2/Camara/Recordings/2026-09-01/360-20260901144450.jpg
362671	/media/hdd2/Camara/Recordings/2026-09-01/361-20260901144529.jpg
214355	/media/hdd2/Camara/Recordings/2026-09-01/36-20260901041137.jpg
361039	/media/hdd2/Camara/Recordings/2026-09-01/36-20260901102120.jpg
340159	/media/hdd2/Camara/Recordings/2026-09-01/362-20260901144552.jpg
355413	/media/hdd2/Camara/Recordings/2026-09-01/363-20260901144640.jpg
364188	/media/hdd2/Camara/Recordings/2026-09-01/364-20260901144719.jpg
359297	/media/hdd2/Camara/Recordings/2026-09-01/365-20260901144729.jpg
360483	/media/hdd2/Camara/Recordings/2026-09-01/366-20260901144924.jpg
360018	/media/hdd2/Camara/Recordings/2026-09-01/367-20260901145015.jpg
362256	/media/hdd2/Camara/Recordings/2026-09-01/368-20260901145125.jpg
356448	/media/hdd2/Camara/Recordings/2026-09-01/369-20260901145223.jpg
361421	/media/hdd2/Camara/Recordings/2026-09-01/370-20260901145414.jpg
362740	/media/hdd2/Camara/Recordings/2026-09-01/37-20260901102139.jpg
362168	/media/hdd2/Camara/Recordings/2026-09-01/372-20260901145506.jpg
360397	/media/hdd2/Camara/Recordings/2026-09-01/373-20260901145531.jpg
347012	/media/hdd2/Camara/Recordings/2026-09-01/375-20260901145609.jpg
354744	/media/hdd2/Camara/Recordings/2026-09-01/376-20260901145628.jpg
344367	/media/hdd2/Camara/Recordings/2026-09-01/377-20260901145643.jpg
359109	/media/hdd2/Camara/Recordings/2026-09-01/378-20260901145726.jpg
364792	/media/hdd2/Camara/Recordings/2026-09-01/379-20260901145753.jpg
355478	/media/hdd2/Camara/Recordings/2026-09-01/380-20260901145808.jpg
344287	/media/hdd2/Camara/Recordings/2026-09-01/381-20260901145828.jpg
348127	/media/hdd2/Camara/Recordings/2026-09-01/38-20260901102156.jpg
344439	/media/hdd2/Camara/Recordings/2026-09-01/382-20260901145856.jpg
353155	/media/hdd2/Camara/Recordings/2026-09-01/383-20260901145914.jpg
352789	/media/hdd2/Camara/Recordings/2026-09-01/384-20260901145931.jpg
354064	/media/hdd2/Camara/Recordings/2026-09-01/386-20260901150025.jpg
363951	/media/hdd2/Camara/Recordings/2026-09-01/387-20260901150054.jpg
359442	/media/hdd2/Camara/Recordings/2026-09-01/388-20260901150243.jpg
360953	/media/hdd2/Camara/Recordings/2026-09-01/389-20260901150257.jpg
362034	/media/hdd2/Camara/Recordings/2026-09-01/390-20260901150528.jpg
366828	/media/hdd2/Camara/Recordings/2026-09-01/391-20260901150759.jpg
216210	/media/hdd2/Camara/Recordings/2026-09-01/39-20260901063836.jpg
369498	/media/hdd2/Camara/Recordings/2026-09-01/39-20260901102229.jpg
365891	/media/hdd2/Camara/Recordings/2026-09-01/392-20260901150901.jpg
363280	/media/hdd2/Camara/Recordings/2026-09-01/393-20260901151047.jpg
362784	/media/hdd2/Camara/Recordings/2026-09-01/394-20260901151103.jpg
348326	/media/hdd2/Camara/Recordings/2026-09-01/395-20260901151210.jpg
359172	/media/hdd2/Camara/Recordings/2026-09-01/396-20260901151221.jpg
348379	/media/hdd2/Camara/Recordings/2026-09-01/397-20260901151313.jpg
366331	/media/hdd2/Camara/Recordings/2026-09-01/398-20260901151352.jpg
359511	/media/hdd2/Camara/Recordings/2026-09-01/399-20260901151418.jpg
363864	/media/hdd2/Camara/Recordings/2026-09-01/400-20260901151444.jpg
363501	/media/hdd2/Camara/Recordings/2026-09-01/401-20260901151503.jpg
221438	/media/hdd2/Camara/Recordings/2026-09-01/40-20260901065416.jpg
363859	/media/hdd2/Camara/Recordings/2026-09-01/40-20260901102315.jpg
365853	/media/hdd2/Camara/Recordings/2026-09-01/402-20260901151611.jpg
362630	/media/hdd2/Camara/Recordings/2026-09-01/403-20260901151636.jpg
362468	/media/hdd2/Camara/Recordings/2026-09-01/404-20260901151655.jpg
364981	/media/hdd2/Camara/Recordings/2026-09-01/405-20260901151716.jpg
368845	/media/hdd2/Camara/Recordings/2026-09-01/406-20260901151809.jpg
351121	/media/hdd2/Camara/Recordings/2026-09-01/408-20260901151857.jpg
351683	/media/hdd2/Camara/Recordings/2026-09-01/409-20260901151916.jpg
364575	/media/hdd2/Camara/Recordings/2026-09-01/410-20260901151951.jpg
356886	/media/hdd2/Camara/Recordings/2026-09-01/411-20260901152043.jpg
226999	/media/hdd2/Camara/Recordings/2026-09-01/41-20260901065650.jpg
362125	/media/hdd2/Camara/Recordings/2026-09-01/412-20260901152139.jpg
363608	/media/hdd2/Camara/Recordings/2026-09-01/413-20260901152301.jpg
367925	/media/hdd2/Camara/Recordings/2026-09-01/414-20260901152327.jpg
359968	/media/hdd2/Camara/Recordings/2026-09-01/415-20260901152359.jpg
364515	/media/hdd2/Camara/Recordings/2026-09-01/416-20260901152417.jpg
363075	/media/hdd2/Camara/Recordings/2026-09-01/417-20260901152443.jpg
365223	/media/hdd2/Camara/Recordings/2026-09-01/418-20260901152520.jpg
365427	/media/hdd2/Camara/Recordings/2026-09-01/419-20260901152541.jpg
363562	/media/hdd2/Camara/Recordings/2026-09-01/420-20260901152659.jpg
354406	/media/hdd2/Camara/Recordings/2026-09-01/421-20260901152708.jpg
233829	/media/hdd2/Camara/Recordings/2026-09-01/42-20260901065742.jpg
364850	/media/hdd2/Camara/Recordings/2026-09-01/42-20260901102452.jpg
348996	/media/hdd2/Camara/Recordings/2026-09-01/422-20260901152915.jpg
355773	/media/hdd2/Camara/Recordings/2026-09-01/423-20260901153005.jpg
362543	/media/hdd2/Camara/Recordings/2026-09-01/424-20260901153022.jpg
364113	/media/hdd2/Camara/Recordings/2026-09-01/425-20260901153139.jpg
357827	/media/hdd2/Camara/Recordings/2026-09-01/426-20260901153151.jpg
354455	/media/hdd2/Camara/Recordings/2026-09-01/427-20260901153432.jpg
348494	/media/hdd2/Camara/Recordings/2026-09-01/428-20260901153520.jpg
361245	/media/hdd2/Camara/Recordings/2026-09-01/429-20260901153544.jpg
361846	/media/hdd2/Camara/Recordings/2026-09-01/431-20260901153611.jpg
342833	/media/hdd2/Camara/Recordings/2026-09-01/43-20260901071638.jpg
364259	/media/hdd2/Camara/Recordings/2026-09-01/43-20260901102820.jpg
369310	/media/hdd2/Camara/Recordings/2026-09-01/432-20260901153633.jpg
366802	/media/hdd2/Camara/Recordings/2026-09-01/433-20260901153813.jpg
366629	/media/hdd2/Camara/Recordings/2026-09-01/434-20260901153958.jpg
363551	/media/hdd2/Camara/Recordings/2026-09-01/435-20260901154013.jpg
350120	/media/hdd2/Camara/Recordings/2026-09-01/436-20260901154159.jpg
368125	/media/hdd2/Camara/Recordings/2026-09-01/437-20260901154313.jpg
347516	/media/hdd2/Camara/Recordings/2026-09-01/438-20260901154548.jpg
355257	/media/hdd2/Camara/Recordings/2026-09-01/439-20260901154656.jpg
348837	/media/hdd2/Camara/Recordings/2026-09-01/440-20260901155205.jpg
344856	/media/hdd2/Camara/Recordings/2026-09-01/44-20260901075657.jpg
346328	/media/hdd2/Camara/Recordings/2026-09-01/442-20260901155457.jpg
352914	/media/hdd2/Camara/Recordings/2026-09-01/443-20260901155609.jpg
364186	/media/hdd2/Camara/Recordings/2026-09-01/444-20260901155623.jpg
350667	/media/hdd2/Camara/Recordings/2026-09-01/445-20260901155726.jpg
346975	/media/hdd2/Camara/Recordings/2026-09-01/446-20260901160649.jpg
362983	/media/hdd2/Camara/Recordings/2026-09-01/447-20260901160659.jpg
348767	/media/hdd2/Camara/Recordings/2026-09-01/448-20260901160728.jpg
349202	/media/hdd2/Camara/Recordings/2026-09-01/449-20260901162224.jpg
352409	/media/hdd2/Camara/Recordings/2026-09-01/450-20260901162640.jpg
349361	/media/hdd2/Camara/Recordings/2026-09-01/451-20260901162809.jpg
387175	/media/hdd2/Camara/Recordings/2026-09-01/45-20260901081703.jpg
368795	/media/hdd2/Camara/Recordings/2026-09-01/45-20260901103048.jpg
352270	/media/hdd2/Camara/Recordings/2026-09-01/452-20260901162954.jpg
365060	/media/hdd2/Camara/Recordings/2026-09-01/453-20260901163012.jpg
352128	/media/hdd2/Camara/Recordings/2026-09-01/454-20260901163120.jpg
351625	/media/hdd2/Camara/Recordings/2026-09-01/455-20260901163339.jpg
368935	/media/hdd2/Camara/Recordings/2026-09-01/456-20260901163554.jpg
365954	/media/hdd2/Camara/Recordings/2026-09-01/457-20260901163607.jpg
354678	/media/hdd2/Camara/Recordings/2026-09-01/458-20260901170011.jpg
365712	/media/hdd2/Camara/Recordings/2026-09-01/460-20260901170101.jpg
355436	/media/hdd2/Camara/Recordings/2026-09-01/461-20260901170328.jpg
384148	/media/hdd2/Camara/Recordings/2026-09-01/46-20260901085318.jpg
365160	/media/hdd2/Camara/Recordings/2026-09-01/46-20260901103213.jpg
353578	/media/hdd2/Camara/Recordings/2026-09-01/462-20260901170601.jpg
400544	/media/hdd2/Camara/Recordings/2026-09-01/47-20260901090004.jpg
367882	/media/hdd2/Camara/Recordings/2026-09-01/47-20260901103334.jpg
385329	/media/hdd2/Camara/Recordings/2026-09-01/48-20260901090031.jpg
373318	/media/hdd2/Camara/Recordings/2026-09-01/48-20260901103442.jpg
372958	/media/hdd2/Camara/Recordings/2026-09-01/49-20260901103451.jpg
401026	/media/hdd2/Camara/Recordings/2026-09-01/50-20260901090252.jpg
372462	/media/hdd2/Camara/Recordings/2026-09-01/50-20260901103515.jpg
353889	/media/hdd2/Camara/Recordings/2026-09-01/50-20260901103615.jpg
398507	/media/hdd2/Camara/Recordings/2026-09-01/51-20260901090400.jpg
370588	/media/hdd2/Camara/Recordings/2026-09-01/51-20260901103805.jpg
410841	/media/hdd2/Camara/Recordings/2026-09-01/52-20260901091820.jpg
371585	/media/hdd2/Camara/Recordings/2026-09-01/53-20260901103847.jpg
408759	/media/hdd2/Camara/Recordings/2026-09-01/54-20260901093420.jpg
361045	/media/hdd2/Camara/Recordings/2026-09-01/54-20260901103923.jpg
399698	/media/hdd2/Camara/Recordings/2026-09-01/55-20260901093554.jpg
354787	/media/hdd2/Camara/Recordings/2026-09-01/55-20260901103940.jpg
362332	/media/hdd2/Camara/Recordings/2026-09-01/56-20260901104015.jpg
352806	/media/hdd2/Camara/Recordings/2026-09-01/56-20260901104115.jpg
364455	/media/hdd2/Camara/Recordings/2026-09-01/56-20260901104220.jpg
389842	/media/hdd2/Camara/Recordings/2026-09-01/58-20260901093818.jpg
360685	/media/hdd2/Camara/Recordings/2026-09-01/58-20260901104352.jpg
395242	/media/hdd2/Camara/Recordings/2026-09-01/59-20260901093825.jpg
356385	/media/hdd2/Camara/Recordings/2026-09-01/59-20260901104413.jpg
394955	/media/hdd2/Camara/Recordings/2026-09-01/60-20260901093849.jpg
355196	/media/hdd2/Camara/Recordings/2026-09-01/60-20260901104439.jpg
394501	/media/hdd2/Camara/Recordings/2026-09-01/61-20260901094041.jpg
361072	/media/hdd2/Camara/Recordings/2026-09-01/61-20260901104610.jpg
391960	/media/hdd2/Camara/Recordings/2026-09-01/62-20260901094132.jpg
372461	/media/hdd2/Camara/Recordings/2026-09-01/62-20260901104644.jpg
385353	/media/hdd2/Camara/Recordings/2026-09-01/63-20260901094235.jpg
358322	/media/hdd2/Camara/Recordings/2026-09-01/63-20260901104700.jpg
382053	/media/hdd2/Camara/Recordings/2026-09-01/64-20260901094320.jpg
356791	/media/hdd2/Camara/Recordings/2026-09-01/64-20260901104726.jpg
386347	/media/hdd2/Camara/Recordings/2026-09-01/65-20260901094357.jpg
362061	/media/hdd2/Camara/Recordings/2026-09-01/65-20260901104805.jpg
386303	/media/hdd2/Camara/Recordings/2026-09-01/66-20260901094641.jpg
366896	/media/hdd2/Camara/Recordings/2026-09-01/66-20260901104831.jpg
388389	/media/hdd2/Camara/Recordings/2026-09-01/67-20260901094718.jpg
356019	/media/hdd2/Camara/Recordings/2026-09-01/67-20260901104856.jpg
362222	/media/hdd2/Camara/Recordings/2026-09-01/68-20260901104929.jpg
356247	/media/hdd2/Camara/Recordings/2026-09-01/69-20260901104950.jpg
382228	/media/hdd2/Camara/Recordings/2026-09-01/70-20260901094906.jpg
360902	/media/hdd2/Camara/Recordings/2026-09-01/70-20260901105037.jpg
377008	/media/hdd2/Camara/Recordings/2026-09-01/71-20260901094955.jpg
356449	/media/hdd2/Camara/Recordings/2026-09-01/71-20260901105211.jpg
360440	/media/hdd2/Camara/Recordings/2026-09-01/72-20260901105304.jpg
360046	/media/hdd2/Camara/Recordings/2026-09-01/73-20260901105734.jpg
386040	/media/hdd2/Camara/Recordings/2026-09-01/74-20260901095111.jpg
354476	/media/hdd2/Camara/Recordings/2026-09-01/74-20260901105849.jpg
350215	/media/hdd2/Camara/Recordings/2026-09-01/76-20260901105955.jpg
379514	/media/hdd2/Camara/Recordings/2026-09-01/77-20260901095355.jpg
354029	/media/hdd2/Camara/Recordings/2026-09-01/77-20260901110018.jpg
352056	/media/hdd2/Camara/Recordings/2026-09-01/79-20260901110056.jpg
349076	/media/hdd2/Camara/Recordings/2026-09-01/81-20260901110135.jpg
357065	/media/hdd2/Camara/Recordings/2026-09-01/82-20260901110159.jpg
363710	/media/hdd2/Camara/Recordings/2026-09-01/83-20260901110534.jpg
355915	/media/hdd2/Camara/Recordings/2026-09-01/84-20260901110805.jpg
356030	/media/hdd2/Camara/Recordings/2026-09-01/85-20260901110910.jpg
357799	/media/hdd2/Camara/Recordings/2026-09-01/87-20260901110933.jpg
357402	/media/hdd2/Camara/Recordings/2026-09-01/88-20260901110959.jpg
357714	/media/hdd2/Camara/Recordings/2026-09-01/89-20260901111009.jpg
353437	/media/hdd2/Camara/Recordings/2026-09-01/91-20260901111255.jpg
361967	/media/hdd2/Camara/Recordings/2026-09-01/92-20260901111356.jpg
350369	/media/hdd2/Camara/Recordings/2026-09-01/94-20260901111544.jpg
357353	/media/hdd2/Camara/Recordings/2026-09-01/95-20260901112024.jpg
349555	/media/hdd2/Camara/Recordings/2026-09-01/96-20260901112035.jpg
352875	/media/hdd2/Camara/Recordings/2026-09-01/97-20260901112059.jpg
353438	/media/hdd2/Camara/Recordings/2026-09-01/98-20260901112211.jpg
354695	/media/hdd2/Camara/Recordings/2026-09-01/99-20260901112235.jpg
352680	/media/hdd2/Camara/Recordings/2026-09-02/100-20260902175045.jpg
355569	/media/hdd2/Camara/Recordings/2026-09-02/101-20260902175920.jpg
377534	/media/hdd2/Camara/Recordings/2026-09-02/102-20260902180159.jpg
362722	/media/hdd2/Camara/Recordings/2026-09-02/103-20260902181903.jpg
365699	/media/hdd2/Camara/Recordings/2026-09-02/104-20260902181959.jpg
370064	/media/hdd2/Camara/Recordings/2026-09-02/105-20260902182048.jpg
368668	/media/hdd2/Camara/Recordings/2026-09-02/106-20260902182146.jpg
375350	/media/hdd2/Camara/Recordings/2026-09-02/107-20260902182202.jpg
368520	/media/hdd2/Camara/Recordings/2026-09-02/108-20260902182255.jpg
375686	/media/hdd2/Camara/Recordings/2026-09-02/109-20260902182614.jpg
376119	/media/hdd2/Camara/Recordings/2026-09-02/110-20260902182924.jpg
369686	/media/hdd2/Camara/Recordings/2026-09-02/111-20260902183035.jpg
373504	/media/hdd2/Camara/Recordings/2026-09-02/112-20260902183802.jpg
363504	/media/hdd2/Camara/Recordings/2026-09-02/113-20260902190657.jpg
361074	/media/hdd2/Camara/Recordings/2026-09-02/114-20260902190745.jpg
341322	/media/hdd2/Camara/Recordings/2026-09-02/115-20260902190758.jpg
355051	/media/hdd2/Camara/Recordings/2026-09-02/116-20260902190936.jpg
364121	/media/hdd2/Camara/Recordings/2026-09-02/117-20260902191342.jpg
368113	/media/hdd2/Camara/Recordings/2026-09-02/118-20260902193309.jpg
367922	/media/hdd2/Camara/Recordings/2026-09-02/119-20260902211858.jpg
368532	/media/hdd2/Camara/Recordings/2026-09-02/121-20260902225925.jpg
225308	/media/hdd2/Camara/Recordings/2026-09-02/12-20260902000743.jpg
364964	/media/hdd2/Camara/Recordings/2026-09-02/122-20260902225941.jpg
368860	/media/hdd2/Camara/Recordings/2026-09-02/123-20260902235547.jpg
227136	/media/hdd2/Camara/Recordings/2026-09-02/13-20260902002059.jpg
225319	/media/hdd2/Camara/Recordings/2026-09-02/14-20260902014851.jpg
224568	/media/hdd2/Camara/Recordings/2026-09-02/15-20260902015416.jpg
226566	/media/hdd2/Camara/Recordings/2026-09-02/16-20260902020308.jpg
220762	/media/hdd2/Camara/Recordings/2026-09-02/17-20260902022846.jpg
225174	/media/hdd2/Camara/Recordings/2026-09-02/18-20260902033800.jpg
223141	/media/hdd2/Camara/Recordings/2026-09-02/19-20260902043008.jpg
226267	/media/hdd2/Camara/Recordings/2026-09-02/20-20260902043754.jpg
221545	/media/hdd2/Camara/Recordings/2026-09-02/21-20260902044120.jpg
225102	/media/hdd2/Camara/Recordings/2026-09-02/22-20260902045011.jpg
225573	/media/hdd2/Camara/Recordings/2026-09-02/24-20260902051008.jpg
213960	/media/hdd2/Camara/Recordings/2026-09-02/25-20260902051023.jpg
222204	/media/hdd2/Camara/Recordings/2026-09-02/26-20260902051040.jpg
221332	/media/hdd2/Camara/Recordings/2026-09-02/27-20260902051536.jpg
218677	/media/hdd2/Camara/Recordings/2026-09-02/29-20260902051755.jpg
221063	/media/hdd2/Camara/Recordings/2026-09-02/30-20260902053203.jpg
216215	/media/hdd2/Camara/Recordings/2026-09-02/31-20260902053414.jpg
218767	/media/hdd2/Camara/Recordings/2026-09-02/32-20260902054145.jpg
216159	/media/hdd2/Camara/Recordings/2026-09-02/33-20260902054230.jpg
222739	/media/hdd2/Camara/Recordings/2026-09-02/34-20260902054406.jpg
215301	/media/hdd2/Camara/Recordings/2026-09-02/35-20260902054542.jpg
219976	/media/hdd2/Camara/Recordings/2026-09-02/37-20260902054650.jpg
220758	/media/hdd2/Camara/Recordings/2026-09-02/38-20260902054723.jpg
220429	/media/hdd2/Camara/Recordings/2026-09-02/39-20260902054814.jpg
221521	/media/hdd2/Camara/Recordings/2026-09-02/40-20260902054947.jpg
220416	/media/hdd2/Camara/Recordings/2026-09-02/41-20260902055552.jpg
218829	/media/hdd2/Camara/Recordings/2026-09-02/42-20260902060953.jpg
220858	/media/hdd2/Camara/Recordings/2026-09-02/43-20260902062140.jpg
225373	/media/hdd2/Camara/Recordings/2026-09-02/44-20260902062658.jpg
228276	/media/hdd2/Camara/Recordings/2026-09-02/45-20260902062758.jpg
228149	/media/hdd2/Camara/Recordings/2026-09-02/46-20260902063412.jpg
227673	/media/hdd2/Camara/Recordings/2026-09-02/47-20260902063453.jpg
217515	/media/hdd2/Camara/Recordings/2026-09-02/48-20260902064026.jpg
218099	/media/hdd2/Camara/Recordings/2026-09-02/50-20260902065306.jpg
226125	/media/hdd2/Camara/Recordings/2026-09-02/51-20260902065340.jpg
212077	/media/hdd2/Camara/Recordings/2026-09-02/52-20260902065356.jpg
346067	/media/hdd2/Camara/Recordings/2026-09-02/53-20260902072935.jpg
348986	/media/hdd2/Camara/Recordings/2026-09-02/55-20260902074631.jpg
339114	/media/hdd2/Camara/Recordings/2026-09-02/56-20260902075314.jpg
369381	/media/hdd2/Camara/Recordings/2026-09-02/57-20260902080147.jpg
384549	/media/hdd2/Camara/Recordings/2026-09-02/58-20260902090531.jpg
395239	/media/hdd2/Camara/Recordings/2026-09-02/59-20260902095116.jpg
397029	/media/hdd2/Camara/Recordings/2026-09-02/60-20260902100241.jpg
404667	/media/hdd2/Camara/Recordings/2026-09-02/61-20260902100908.jpg
402360	/media/hdd2/Camara/Recordings/2026-09-02/62-20260902100923.jpg
405287	/media/hdd2/Camara/Recordings/2026-09-02/63-20260902101000.jpg
402444	/media/hdd2/Camara/Recordings/2026-09-02/65-20260902104803.jpg
403257	/media/hdd2/Camara/Recordings/2026-09-02/66-20260902104843.jpg
408850	/media/hdd2/Camara/Recordings/2026-09-02/67-20260902104918.jpg
394715	/media/hdd2/Camara/Recordings/2026-09-02/68-20260902105210.jpg
395631	/media/hdd2/Camara/Recordings/2026-09-02/69-20260902115229.jpg
392415	/media/hdd2/Camara/Recordings/2026-09-02/70-20260902115305.jpg
342020	/media/hdd2/Camara/Recordings/2026-09-02/71-20260902131658.jpg
342519	/media/hdd2/Camara/Recordings/2026-09-02/72-20260902131718.jpg
344443	/media/hdd2/Camara/Recordings/2026-09-02/73-20260902131848.jpg
354945	/media/hdd2/Camara/Recordings/2026-09-02/74-20260902132422.jpg
356137	/media/hdd2/Camara/Recordings/2026-09-02/75-20260902132815.jpg
352623	/media/hdd2/Camara/Recordings/2026-09-02/76-20260902133743.jpg
341095	/media/hdd2/Camara/Recordings/2026-09-02/77-20260902134006.jpg
346451	/media/hdd2/Camara/Recordings/2026-09-02/78-20260902134028.jpg
332027	/media/hdd2/Camara/Recordings/2026-09-02/80-20260902134129.jpg
343681	/media/hdd2/Camara/Recordings/2026-09-02/81-20260902134146.jpg
327566	/media/hdd2/Camara/Recordings/2026-09-02/83-20260902134443.jpg
355767	/media/hdd2/Camara/Recordings/2026-09-02/84-20260902134657.jpg
352200	/media/hdd2/Camara/Recordings/2026-09-02/85-20260902140113.jpg
368675	/media/hdd2/Camara/Recordings/2026-09-02/86-20260902140231.jpg
345819	/media/hdd2/Camara/Recordings/2026-09-02/87-20260902143442.jpg
368933	/media/hdd2/Camara/Recordings/2026-09-02/88-20260902143720.jpg
349070	/media/hdd2/Camara/Recordings/2026-09-02/90-20260902153211.jpg
357000	/media/hdd2/Camara/Recordings/2026-09-02/91-20260902153220.jpg
369174	/media/hdd2/Camara/Recordings/2026-09-02/92-20260902155033.jpg
366344	/media/hdd2/Camara/Recordings/2026-09-02/93-20260902162554.jpg
359811	/media/hdd2/Camara/Recordings/2026-09-02/94-20260902170131.jpg
366243	/media/hdd2/Camara/Recordings/2026-09-02/95-20260902170658.jpg
353359	/media/hdd2/Camara/Recordings/2026-09-02/96-20260902173059.jpg
354807	/media/hdd2/Camara/Recordings/2026-09-02/97-20260902173631.jpg
359690	/media/hdd2/Camara/Recordings/2026-09-02/98-20260902173953.jpg
399726	/media/hdd2/Camara/Recordings/2026-09-03/01-20260903101418.jpg
405538	/media/hdd2/Camara/Recordings/2026-09-03/03-20260903132123.jpg
387409	/media/hdd2/Camara/Recordings/2026-09-03/04-20260903132625.jpg
394874	/media/hdd2/Camara/Recordings/2026-09-03/05-20260903133238.jpg
414604	/media/hdd2/Camara/Recordings/2026-09-03/06-20260903133310.jpg
374570	/media/hdd2/Camara/Recordings/2026-09-03/07-20260903150428.jpg
363104	/media/hdd2/Camara/Recordings/2026-09-03/08-20260903163739.jpg
360936	/media/hdd2/Camara/Recordings/2026-09-03/09-20260903165715.jpg
362020	/media/hdd2/Camara/Recordings/2026-09-03/10-20260903165816.jpg
221378	/media/hdd2/Camara/Recordings/2026-09-03/11-20260903170948.jpg
371183	/media/hdd2/Camara/Recordings/2026-09-03/12-20260903171032.jpg
270154	/media/hdd2/Camara/Recordings/2026-09-03/125-20260903001452.jpg
260248	/media/hdd2/Camara/Recordings/2026-09-03/126-20260903001534.jpg
259920	/media/hdd2/Camara/Recordings/2026-09-03/127-20260903001555.jpg
264227	/media/hdd2/Camara/Recordings/2026-09-03/128-20260903001633.jpg
261264	/media/hdd2/Camara/Recordings/2026-09-03/129-20260903001656.jpg
266702	/media/hdd2/Camara/Recordings/2026-09-03/130-20260903001731.jpg
267443	/media/hdd2/Camara/Recordings/2026-09-03/131-20260903001746.jpg
374263	/media/hdd2/Camara/Recordings/2026-09-03/13-20260903171042.jpg
263347	/media/hdd2/Camara/Recordings/2026-09-03/132-20260903001813.jpg
271420	/media/hdd2/Camara/Recordings/2026-09-03/133-20260903001841.jpg
264552	/media/hdd2/Camara/Recordings/2026-09-03/134-20260903002018.jpg
253823	/media/hdd2/Camara/Recordings/2026-09-03/136-20260903002123.jpg
256658	/media/hdd2/Camara/Recordings/2026-09-03/137-20260903002131.jpg
257304	/media/hdd2/Camara/Recordings/2026-09-03/139-20260903002201.jpg
370342	/media/hdd2/Camara/Recordings/2026-09-03/14-20260903171120.jpg
246015	/media/hdd2/Camara/Recordings/2026-09-03/142-20260903002259.jpg
239443	/media/hdd2/Camara/Recordings/2026-09-03/143-20260903002317.jpg
237119	/media/hdd2/Camara/Recordings/2026-09-03/146-20260903002437.jpg
235175	/media/hdd2/Camara/Recordings/2026-09-03/147-20260903002453.jpg
244835	/media/hdd2/Camara/Recordings/2026-09-03/149-20260903002627.jpg
245981	/media/hdd2/Camara/Recordings/2026-09-03/151-20260903002659.jpg
367261	/media/hdd2/Camara/Recordings/2026-09-03/15-20260903171149.jpg
248054	/media/hdd2/Camara/Recordings/2026-09-03/152-20260903002716.jpg
247243	/media/hdd2/Camara/Recordings/2026-09-03/153-20260903002800.jpg
248899	/media/hdd2/Camara/Recordings/2026-09-03/154-20260903002818.jpg
246079	/media/hdd2/Camara/Recordings/2026-09-03/155-20260903002834.jpg
229002	/media/hdd2/Camara/Recordings/2026-09-03/156-20260903002850.jpg
237850	/media/hdd2/Camara/Recordings/2026-09-03/157-20260903002903.jpg
241419	/media/hdd2/Camara/Recordings/2026-09-03/158-20260903002914.jpg
232192	/media/hdd2/Camara/Recordings/2026-09-03/161-20260903003047.jpg
359913	/media/hdd2/Camara/Recordings/2026-09-03/16-20260903171251.jpg
231823	/media/hdd2/Camara/Recordings/2026-09-03/162-20260903003158.jpg
236551	/media/hdd2/Camara/Recordings/2026-09-03/163-20260903003408.jpg
230942	/media/hdd2/Camara/Recordings/2026-09-03/164-20260903004237.jpg
230411	/media/hdd2/Camara/Recordings/2026-09-03/165-20260903005513.jpg
222870	/media/hdd2/Camara/Recordings/2026-09-03/166-20260903011720.jpg
227476	/media/hdd2/Camara/Recordings/2026-09-03/167-20260903011801.jpg
223611	/media/hdd2/Camara/Recordings/2026-09-03/168-20260903011832.jpg
222334	/media/hdd2/Camara/Recordings/2026-09-03/170-20260903012218.jpg
222927	/media/hdd2/Camara/Recordings/2026-09-03/171-20260903012226.jpg
359906	/media/hdd2/Camara/Recordings/2026-09-03/17-20260903173234.jpg
222345	/media/hdd2/Camara/Recordings/2026-09-03/172-20260903012254.jpg
222949	/media/hdd2/Camara/Recordings/2026-09-03/173-20260903012303.jpg
218771	/media/hdd2/Camara/Recordings/2026-09-03/174-20260903012329.jpg
223575	/media/hdd2/Camara/Recordings/2026-09-03/176-20260903012406.jpg
230597	/media/hdd2/Camara/Recordings/2026-09-03/177-20260903012420.jpg
223034	/media/hdd2/Camara/Recordings/2026-09-03/178-20260903012451.jpg
221097	/media/hdd2/Camara/Recordings/2026-09-03/179-20260903012910.jpg
225784	/media/hdd2/Camara/Recordings/2026-09-03/180-20260903012922.jpg
230080	/media/hdd2/Camara/Recordings/2026-09-03/181-20260903013723.jpg
383657	/media/hdd2/Camara/Recordings/2026-09-03/18-20260903181933.jpg
226194	/media/hdd2/Camara/Recordings/2026-09-03/182-20260903013912.jpg
224449	/media/hdd2/Camara/Recordings/2026-09-03/183-20260903014643.jpg
225453	/media/hdd2/Camara/Recordings/2026-09-03/184-20260903014757.jpg
225550	/media/hdd2/Camara/Recordings/2026-09-03/185-20260903015058.jpg
223528	/media/hdd2/Camara/Recordings/2026-09-03/186-20260903030358.jpg
236373	/media/hdd2/Camara/Recordings/2026-09-03/188-20260903032158.jpg
231899	/media/hdd2/Camara/Recordings/2026-09-03/189-20260903032208.jpg
229463	/media/hdd2/Camara/Recordings/2026-09-03/191-20260903032302.jpg
380478	/media/hdd2/Camara/Recordings/2026-09-03/19-20260903182451.jpg
233004	/media/hdd2/Camara/Recordings/2026-09-03/192-20260903032314.jpg
237597	/media/hdd2/Camara/Recordings/2026-09-03/194-20260903032349.jpg
232034	/media/hdd2/Camara/Recordings/2026-09-03/196-20260903032417.jpg
234969	/media/hdd2/Camara/Recordings/2026-09-03/197-20260903032440.jpg
236622	/media/hdd2/Camara/Recordings/2026-09-03/199-20260903032526.jpg
234659	/media/hdd2/Camara/Recordings/2026-09-03/200-20260903032543.jpg
232917	/media/hdd2/Camara/Recordings/2026-09-03/201-20260903032550.jpg
364293	/media/hdd2/Camara/Recordings/2026-09-03/20-20260903191336.jpg
238124	/media/hdd2/Camara/Recordings/2026-09-03/202-20260903032558.jpg
226286	/media/hdd2/Camara/Recordings/2026-09-03/203-20260903032606.jpg
221658	/media/hdd2/Camara/Recordings/2026-09-03/204-20260903032617.jpg
224852	/media/hdd2/Camara/Recordings/2026-09-03/205-20260903032644.jpg
226348	/media/hdd2/Camara/Recordings/2026-09-03/206-20260903032654.jpg
223594	/media/hdd2/Camara/Recordings/2026-09-03/207-20260903032718.jpg
224188	/media/hdd2/Camara/Recordings/2026-09-03/208-20260903032732.jpg
235356	/media/hdd2/Camara/Recordings/2026-09-03/209-20260903032752.jpg
225481	/media/hdd2/Camara/Recordings/2026-09-03/210-20260903033039.jpg
221724	/media/hdd2/Camara/Recordings/2026-09-03/211-20260903033119.jpg
366137	/media/hdd2/Camara/Recordings/2026-09-03/21-20260903192420.jpg
224772	/media/hdd2/Camara/Recordings/2026-09-03/212-20260903033217.jpg
224908	/media/hdd2/Camara/Recordings/2026-09-03/213-20260903033242.jpg
225835	/media/hdd2/Camara/Recordings/2026-09-03/214-20260903033337.jpg
226298	/media/hdd2/Camara/Recordings/2026-09-03/215-20260903033534.jpg
221767	/media/hdd2/Camara/Recordings/2026-09-03/216-20260903033545.jpg
234913	/media/hdd2/Camara/Recordings/2026-09-03/217-20260903033644.jpg
227821	/media/hdd2/Camara/Recordings/2026-09-03/218-20260903033700.jpg
226718	/media/hdd2/Camara/Recordings/2026-09-03/220-20260903033755.jpg
227205	/media/hdd2/Camara/Recordings/2026-09-03/221-20260903033822.jpg
368200	/media/hdd2/Camara/Recordings/2026-09-03/22-20260903193031.jpg
220300	/media/hdd2/Camara/Recordings/2026-09-03/222-20260903033834.jpg
235967	/media/hdd2/Camara/Recordings/2026-09-03/223-20260903033904.jpg
223936	/media/hdd2/Camara/Recordings/2026-09-03/224-20260903033915.jpg
223381	/media/hdd2/Camara/Recordings/2026-09-03/225-20260903033927.jpg
229999	/media/hdd2/Camara/Recordings/2026-09-03/226-20260903034000.jpg
223750	/media/hdd2/Camara/Recordings/2026-09-03/229-20260903034048.jpg
233259	/media/hdd2/Camara/Recordings/2026-09-03/230-20260903034112.jpg
221433	/media/hdd2/Camara/Recordings/2026-09-03/231-20260903034122.jpg
227118	/media/hdd2/Camara/Recordings/2026-09-03/231-20260903034230.jpg
368057	/media/hdd2/Camara/Recordings/2026-09-03/23-20260903194032.jpg
222862	/media/hdd2/Camara/Recordings/2026-09-03/233-20260903034450.jpg
231261	/media/hdd2/Camara/Recordings/2026-09-03/235-20260903034604.jpg
234944	/media/hdd2/Camara/Recordings/2026-09-03/236-20260903034620.jpg
235477	/media/hdd2/Camara/Recordings/2026-09-03/237-20260903034651.jpg
235045	/media/hdd2/Camara/Recordings/2026-09-03/238-20260903034702.jpg
238072	/media/hdd2/Camara/Recordings/2026-09-03/239-20260903034715.jpg
233318	/media/hdd2/Camara/Recordings/2026-09-03/240-20260903034730.jpg
227465	/media/hdd2/Camara/Recordings/2026-09-03/241-20260903034743.jpg
366769	/media/hdd2/Camara/Recordings/2026-09-03/24-20260903194919.jpg
232206	/media/hdd2/Camara/Recordings/2026-09-03/242-20260903034812.jpg
234596	/media/hdd2/Camara/Recordings/2026-09-03/243-20260903034847.jpg
233310	/media/hdd2/Camara/Recordings/2026-09-03/244-20260903034901.jpg
232280	/media/hdd2/Camara/Recordings/2026-09-03/245-20260903034927.jpg
228771	/media/hdd2/Camara/Recordings/2026-09-03/246-20260903035012.jpg
225271	/media/hdd2/Camara/Recordings/2026-09-03/247-20260903035129.jpg
224992	/media/hdd2/Camara/Recordings/2026-09-03/248-20260903035152.jpg
223517	/media/hdd2/Camara/Recordings/2026-09-03/249-20260903035328.jpg
226466	/media/hdd2/Camara/Recordings/2026-09-03/250-20260903035339.jpg
364068	/media/hdd2/Camara/Recordings/2026-09-03/25-20260903220353.jpg
222130	/media/hdd2/Camara/Recordings/2026-09-03/252-20260903035452.jpg
231950	/media/hdd2/Camara/Recordings/2026-09-03/253-20260903035512.jpg
231977	/media/hdd2/Camara/Recordings/2026-09-03/255-20260903035553.jpg
228102	/media/hdd2/Camara/Recordings/2026-09-03/256-20260903035608.jpg
228312	/media/hdd2/Camara/Recordings/2026-09-03/257-20260903035619.jpg
231392	/media/hdd2/Camara/Recordings/2026-09-03/258-20260903035654.jpg
234832	/media/hdd2/Camara/Recordings/2026-09-03/259-20260903035712.jpg
231756	/media/hdd2/Camara/Recordings/2026-09-03/260-20260903035829.jpg
231543	/media/hdd2/Camara/Recordings/2026-09-03/261-20260903035841.jpg
367791	/media/hdd2/Camara/Recordings/2026-09-03/26-20260903220440.jpg
226501	/media/hdd2/Camara/Recordings/2026-09-03/262-20260903035936.jpg
227633	/media/hdd2/Camara/Recordings/2026-09-03/263-20260903035951.jpg
224985	/media/hdd2/Camara/Recordings/2026-09-03/264-20260903040032.jpg
224926	/media/hdd2/Camara/Recordings/2026-09-03/265-20260903040052.jpg
229924	/media/hdd2/Camara/Recordings/2026-09-03/266-20260903040104.jpg
226254	/media/hdd2/Camara/Recordings/2026-09-03/267-20260903040120.jpg
228739	/media/hdd2/Camara/Recordings/2026-09-03/268-20260903040147.jpg
228711	/media/hdd2/Camara/Recordings/2026-09-03/269-20260903040203.jpg
229246	/media/hdd2/Camara/Recordings/2026-09-03/270-20260903040400.jpg
360567	/media/hdd2/Camara/Recordings/2026-09-03/27-20260903235926.jpg
228965	/media/hdd2/Camara/Recordings/2026-09-03/272-20260903041524.jpg
227039	/media/hdd2/Camara/Recordings/2026-09-03/273-20260903042052.jpg
230416	/media/hdd2/Camara/Recordings/2026-09-03/274-20260903042205.jpg
227136	/media/hdd2/Camara/Recordings/2026-09-03/275-20260903042224.jpg
228753	/media/hdd2/Camara/Recordings/2026-09-03/276-20260903042331.jpg
232244	/media/hdd2/Camara/Recordings/2026-09-03/277-20260903042403.jpg
231969	/media/hdd2/Camara/Recordings/2026-09-03/278-20260903042450.jpg
228647	/media/hdd2/Camara/Recordings/2026-09-03/279-20260903042528.jpg
216002	/media/hdd2/Camara/Recordings/2026-09-03/280-20260903042535.jpg
210334	/media/hdd2/Camara/Recordings/2026-09-03/280-20260903042845.jpg
238188	/media/hdd2/Camara/Recordings/2026-09-03/281-20260903043020.jpg
225882	/media/hdd2/Camara/Recordings/2026-09-03/281-20260903043131.jpg
218615	/media/hdd2/Camara/Recordings/2026-09-03/281-20260903043232.jpg
215492	/media/hdd2/Camara/Recordings/2026-09-03/281-20260903043441.jpg
224292	/media/hdd2/Camara/Recordings/2026-09-03/281-20260903043547.jpg
230746	/media/hdd2/Camara/Recordings/2026-09-03/283-20260903043722.jpg
236145	/media/hdd2/Camara/Recordings/2026-09-03/285-20260903043913.jpg
228928	/media/hdd2/Camara/Recordings/2026-09-03/286-20260903043929.jpg
231122	/media/hdd2/Camara/Recordings/2026-09-03/287-20260903043946.jpg
228702	/media/hdd2/Camara/Recordings/2026-09-03/288-20260903043957.jpg
234042	/media/hdd2/Camara/Recordings/2026-09-03/292-20260903044113.jpg
233360	/media/hdd2/Camara/Recordings/2026-09-03/293-20260903044127.jpg
232264	/media/hdd2/Camara/Recordings/2026-09-03/295-20260903044213.jpg
231641	/media/hdd2/Camara/Recordings/2026-09-03/296-20260903044223.jpg
228764	/media/hdd2/Camara/Recordings/2026-09-03/297-20260903044233.jpg
238356	/media/hdd2/Camara/Recordings/2026-09-03/298-20260903044258.jpg
234601	/media/hdd2/Camara/Recordings/2026-09-03/299-20260903044327.jpg
226302	/media/hdd2/Camara/Recordings/2026-09-03/300-20260903044343.jpg
236630	/media/hdd2/Camara/Recordings/2026-09-03/301-20260903044359.jpg
234859	/media/hdd2/Camara/Recordings/2026-09-03/303-20260903044439.jpg
232855	/media/hdd2/Camara/Recordings/2026-09-03/304-20260903044509.jpg
239375	/media/hdd2/Camara/Recordings/2026-09-03/305-20260903044534.jpg
239493	/media/hdd2/Camara/Recordings/2026-09-03/306-20260903044542.jpg
235305	/media/hdd2/Camara/Recordings/2026-09-03/307-20260903044605.jpg
241567	/media/hdd2/Camara/Recordings/2026-09-03/308-20260903044636.jpg
239029	/media/hdd2/Camara/Recordings/2026-09-03/310-20260903044717.jpg
243510	/media/hdd2/Camara/Recordings/2026-09-03/311-20260903044740.jpg
239390	/media/hdd2/Camara/Recordings/2026-09-03/312-20260903044812.jpg
238462	/media/hdd2/Camara/Recordings/2026-09-03/313-20260903044837.jpg
230612	/media/hdd2/Camara/Recordings/2026-09-03/315-20260903044920.jpg
240011	/media/hdd2/Camara/Recordings/2026-09-03/316-20260903044947.jpg
241401	/media/hdd2/Camara/Recordings/2026-09-03/317-20260903045004.jpg
237028	/media/hdd2/Camara/Recordings/2026-09-03/318-20260903045046.jpg
237561	/media/hdd2/Camara/Recordings/2026-09-03/321-20260903045306.jpg
238972	/media/hdd2/Camara/Recordings/2026-09-03/323-20260903045448.jpg
247792	/media/hdd2/Camara/Recordings/2026-09-03/326-20260903045639.jpg
241725	/media/hdd2/Camara/Recordings/2026-09-03/328-20260903045730.jpg
246937	/media/hdd2/Camara/Recordings/2026-09-03/330-20260903045751.jpg
247983	/media/hdd2/Camara/Recordings/2026-09-03/331-20260903045804.jpg
249104	/media/hdd2/Camara/Recordings/2026-09-03/333-20260903045853.jpg
252761	/media/hdd2/Camara/Recordings/2026-09-03/334-20260903045934.jpg
248434	/media/hdd2/Camara/Recordings/2026-09-03/336-20260903050034.jpg
253639	/media/hdd2/Camara/Recordings/2026-09-03/337-20260903050146.jpg
251564	/media/hdd2/Camara/Recordings/2026-09-03/338-20260903050325.jpg
248858	/media/hdd2/Camara/Recordings/2026-09-03/339-20260903052048.jpg
248151	/media/hdd2/Camara/Recordings/2026-09-03/340-20260903052608.jpg
238264	/media/hdd2/Camara/Recordings/2026-09-03/342-20260903053249.jpg
238096	/media/hdd2/Camara/Recordings/2026-09-03/343-20260903053450.jpg
236486	/media/hdd2/Camara/Recordings/2026-09-03/344-20260903053504.jpg
233373	/media/hdd2/Camara/Recordings/2026-09-03/345-20260903053552.jpg
233338	/media/hdd2/Camara/Recordings/2026-09-03/346-20260903053610.jpg
231705	/media/hdd2/Camara/Recordings/2026-09-03/347-20260903053624.jpg
230721	/media/hdd2/Camara/Recordings/2026-09-03/352-20260903053917.jpg
242121	/media/hdd2/Camara/Recordings/2026-09-03/353-20260903053951.jpg
242836	/media/hdd2/Camara/Recordings/2026-09-03/354-20260903054000.jpg
244021	/media/hdd2/Camara/Recordings/2026-09-03/357-20260903054053.jpg
238599	/media/hdd2/Camara/Recordings/2026-09-03/359-20260903054117.jpg
242853	/media/hdd2/Camara/Recordings/2026-09-03/360-20260903054130.jpg
243109	/media/hdd2/Camara/Recordings/2026-09-03/361-20260903054147.jpg
239490	/media/hdd2/Camara/Recordings/2026-09-03/363-20260903054230.jpg
240183	/media/hdd2/Camara/Recordings/2026-09-03/364-20260903054250.jpg
238780	/media/hdd2/Camara/Recordings/2026-09-03/365-20260903054307.jpg
239672	/media/hdd2/Camara/Recordings/2026-09-03/366-20260903054326.jpg
241509	/media/hdd2/Camara/Recordings/2026-09-03/367-20260903054353.jpg
238993	/media/hdd2/Camara/Recordings/2026-09-03/368-20260903054430.jpg
236774	/media/hdd2/Camara/Recordings/2026-09-03/369-20260903054446.jpg
239101	/media/hdd2/Camara/Recordings/2026-09-03/370-20260903054502.jpg
240963	/media/hdd2/Camara/Recordings/2026-09-03/371-20260903054613.jpg
237947	/media/hdd2/Camara/Recordings/2026-09-03/373-20260903054958.jpg
239185	/media/hdd2/Camara/Recordings/2026-09-03/374-20260903055040.jpg
232722	/media/hdd2/Camara/Recordings/2026-09-03/375-20260903055059.jpg
240352	/media/hdd2/Camara/Recordings/2026-09-03/376-20260903055151.jpg
241384	/media/hdd2/Camara/Recordings/2026-09-03/377-20260903055215.jpg
238710	/media/hdd2/Camara/Recordings/2026-09-03/378-20260903055231.jpg
228345	/media/hdd2/Camara/Recordings/2026-09-03/379-20260903055239.jpg
238001	/media/hdd2/Camara/Recordings/2026-09-03/380-20260903055252.jpg
244775	/media/hdd2/Camara/Recordings/2026-09-03/381-20260903055342.jpg
244740	/media/hdd2/Camara/Recordings/2026-09-03/382-20260903055353.jpg
239350	/media/hdd2/Camara/Recordings/2026-09-03/383-20260903055407.jpg
242424	/media/hdd2/Camara/Recordings/2026-09-03/384-20260903055415.jpg
244840	/media/hdd2/Camara/Recordings/2026-09-03/385-20260903055427.jpg
243499	/media/hdd2/Camara/Recordings/2026-09-03/386-20260903055443.jpg
241965	/media/hdd2/Camara/Recordings/2026-09-03/387-20260903055450.jpg
245024	/media/hdd2/Camara/Recordings/2026-09-03/388-20260903055458.jpg
242478	/media/hdd2/Camara/Recordings/2026-09-03/389-20260903055511.jpg
243360	/media/hdd2/Camara/Recordings/2026-09-03/390-20260903055533.jpg
236122	/media/hdd2/Camara/Recordings/2026-09-03/391-20260903055543.jpg
244015	/media/hdd2/Camara/Recordings/2026-09-03/393-20260903055627.jpg
236215	/media/hdd2/Camara/Recordings/2026-09-03/394-20260903055636.jpg
244890	/media/hdd2/Camara/Recordings/2026-09-03/395-20260903055648.jpg
237389	/media/hdd2/Camara/Recordings/2026-09-03/396-20260903055659.jpg
243951	/media/hdd2/Camara/Recordings/2026-09-03/397-20260903055713.jpg
246023	/media/hdd2/Camara/Recordings/2026-09-03/398-20260903055739.jpg
237273	/media/hdd2/Camara/Recordings/2026-09-03/400-20260903055818.jpg
229846	/media/hdd2/Camara/Recordings/2026-09-03/401-20260903055908.jpg
227345	/media/hdd2/Camara/Recordings/2026-09-03/402-20260903055959.jpg
209774	/media/hdd2/Camara/Recordings/2026-09-03/402-20260903060059.jpg
230496	/media/hdd2/Camara/Recordings/2026-09-03/402-20260903060159.jpg
244349	/media/hdd2/Camara/Recordings/2026-09-03/403-20260903060338.jpg
247223	/media/hdd2/Camara/Recordings/2026-09-03/406-20260903060510.jpg
245719	/media/hdd2/Camara/Recordings/2026-09-03/407-20260903060518.jpg
247231	/media/hdd2/Camara/Recordings/2026-09-03/408-20260903060615.jpg
252084	/media/hdd2/Camara/Recordings/2026-09-03/410-20260903060703.jpg
249411	/media/hdd2/Camara/Recordings/2026-09-03/411-20260903060712.jpg
249758	/media/hdd2/Camara/Recordings/2026-09-03/412-20260903060719.jpg
249546	/media/hdd2/Camara/Recordings/2026-09-03/413-20260903060737.jpg
251597	/media/hdd2/Camara/Recordings/2026-09-03/414-20260903060755.jpg
250613	/media/hdd2/Camara/Recordings/2026-09-03/415-20260903060914.jpg
253221	/media/hdd2/Camara/Recordings/2026-09-03/416-20260903061141.jpg
248011	/media/hdd2/Camara/Recordings/2026-09-03/417-20260903061211.jpg
245081	/media/hdd2/Camara/Recordings/2026-09-03/418-20260903062758.jpg
243456	/media/hdd2/Camara/Recordings/2026-09-03/419-20260903062917.jpg
245703	/media/hdd2/Camara/Recordings/2026-09-03/420-20260903062932.jpg
240687	/media/hdd2/Camara/Recordings/2026-09-03/421-20260903063012.jpg
243977	/media/hdd2/Camara/Recordings/2026-09-03/422-20260903063106.jpg
244216	/media/hdd2/Camara/Recordings/2026-09-03/423-20260903063143.jpg
241006	/media/hdd2/Camara/Recordings/2026-09-03/424-20260903063257.jpg
238485	/media/hdd2/Camara/Recordings/2026-09-03/425-20260903063343.jpg
241645	/media/hdd2/Camara/Recordings/2026-09-03/426-20260903063409.jpg
243348	/media/hdd2/Camara/Recordings/2026-09-03/428-20260903063510.jpg
237802	/media/hdd2/Camara/Recordings/2026-09-03/429-20260903063527.jpg
239956	/media/hdd2/Camara/Recordings/2026-09-03/432-20260903063626.jpg
241838	/media/hdd2/Camara/Recordings/2026-09-03/434-20260903063655.jpg
238915	/media/hdd2/Camara/Recordings/2026-09-03/435-20260903063717.jpg
238981	/media/hdd2/Camara/Recordings/2026-09-03/436-20260903063736.jpg
241431	/media/hdd2/Camara/Recordings/2026-09-03/438-20260903063809.jpg
235940	/media/hdd2/Camara/Recordings/2026-09-03/439-20260903063822.jpg
241323	/media/hdd2/Camara/Recordings/2026-09-03/441-20260903063857.jpg
240068	/media/hdd2/Camara/Recordings/2026-09-03/442-20260903063905.jpg
243713	/media/hdd2/Camara/Recordings/2026-09-03/448-20260903064112.jpg
236080	/media/hdd2/Camara/Recordings/2026-09-03/450-20260903064249.jpg
248665	/media/hdd2/Camara/Recordings/2026-09-03/451-20260903064453.jpg
243524	/media/hdd2/Camara/Recordings/2026-09-03/452-20260903064512.jpg
236145	/media/hdd2/Camara/Recordings/2026-09-03/453-20260903064524.jpg
242604	/media/hdd2/Camara/Recordings/2026-09-03/454-20260903064535.jpg
228435	/media/hdd2/Camara/Recordings/2026-09-03/457-20260903064824.jpg
213225	/media/hdd2/Camara/Recordings/2026-09-03/457-20260903064924.jpg
237405	/media/hdd2/Camara/Recordings/2026-09-03/462-20260903065202.jpg
237922	/media/hdd2/Camara/Recordings/2026-09-03/466-20260903065519.jpg
266577	/media/hdd2/Camara/Recordings/2026-09-03/469-20260903065700.jpg
259657	/media/hdd2/Camara/Recordings/2026-09-03/470-20260903065722.jpg
251612	/media/hdd2/Camara/Recordings/2026-09-03/471-20260903065740.jpg
408739	/media/hdd2/Camara/Recordings/2026-09-03/473-20260903093322.jpg
410520	/media/hdd2/Camara/Recordings/2026-09-03/474-20260903093334.jpg
399804	/media/hdd2/Camara/Recordings/2026-09-03/475-20260903094230.jpg
362700	/media/hdd2/Camara/Recordings/2026-09-04/100-20260904205726.jpg
359049	/media/hdd2/Camara/Recordings/2026-09-04/101-20260904221436.jpg
217034	/media/hdd2/Camara/Recordings/2026-09-04/103-20260904235612.jpg
362805	/media/hdd2/Camara/Recordings/2026-09-04/28-20260904001707.jpg
234273	/media/hdd2/Camara/Recordings/2026-09-04/29-20260904005000.jpg
217306	/media/hdd2/Camara/Recordings/2026-09-04/30-20260904025037.jpg
222865	/media/hdd2/Camara/Recordings/2026-09-04/31-20260904040243.jpg
219402	/media/hdd2/Camara/Recordings/2026-09-04/32-20260904040354.jpg
220273	/media/hdd2/Camara/Recordings/2026-09-04/33-20260904060407.jpg
219601	/media/hdd2/Camara/Recordings/2026-09-04/34-20260904061857.jpg
214958	/media/hdd2/Camara/Recordings/2026-09-04/35-20260904064518.jpg
338600	/media/hdd2/Camara/Recordings/2026-09-04/36-20260904073125.jpg
349556	/media/hdd2/Camara/Recordings/2026-09-04/37-20260904074525.jpg
393747	/media/hdd2/Camara/Recordings/2026-09-04/38-20260904083152.jpg
409483	/media/hdd2/Camara/Recordings/2026-09-04/40-20260904090043.jpg
405932	/media/hdd2/Camara/Recordings/2026-09-04/41-20260904090158.jpg
401144	/media/hdd2/Camara/Recordings/2026-09-04/42-20260904090803.jpg
399563	/media/hdd2/Camara/Recordings/2026-09-04/43-20260904090836.jpg
401856	/media/hdd2/Camara/Recordings/2026-09-04/45-20260904091512.jpg
404043	/media/hdd2/Camara/Recordings/2026-09-04/46-20260904095703.jpg
371253	/media/hdd2/Camara/Recordings/2026-09-04/47-20260904100621.jpg
374473	/media/hdd2/Camara/Recordings/2026-09-04/48-20260904100651.jpg
375372	/media/hdd2/Camara/Recordings/2026-09-04/50-20260904104723.jpg
369966	/media/hdd2/Camara/Recordings/2026-09-04/52-20260904105111.jpg
368169	/media/hdd2/Camara/Recordings/2026-09-04/53-20260904105545.jpg
367640	/media/hdd2/Camara/Recordings/2026-09-04/54-20260904105629.jpg
364398	/media/hdd2/Camara/Recordings/2026-09-04/55-20260904111029.jpg
363267	/media/hdd2/Camara/Recordings/2026-09-04/56-20260904111300.jpg
352681	/media/hdd2/Camara/Recordings/2026-09-04/57-20260904112113.jpg
347617	/media/hdd2/Camara/Recordings/2026-09-04/58-20260904112408.jpg
354903	/media/hdd2/Camara/Recordings/2026-09-04/59-20260904112735.jpg
355633	/media/hdd2/Camara/Recordings/2026-09-04/60-20260904112955.jpg
359112	/media/hdd2/Camara/Recordings/2026-09-04/61-20260904113902.jpg
347349	/media/hdd2/Camara/Recordings/2026-09-04/62-20260904113943.jpg
331125	/media/hdd2/Camara/Recordings/2026-09-04/63-20260904123013.jpg
330683	/media/hdd2/Camara/Recordings/2026-09-04/64-20260904123824.jpg
343729	/media/hdd2/Camara/Recordings/2026-09-04/65-20260904123950.jpg
350177	/media/hdd2/Camara/Recordings/2026-09-04/66-20260904124115.jpg
331059	/media/hdd2/Camara/Recordings/2026-09-04/67-20260904124205.jpg
340976	/media/hdd2/Camara/Recordings/2026-09-04/68-20260904124902.jpg
329814	/media/hdd2/Camara/Recordings/2026-09-04/70-20260904130047.jpg
340553	/media/hdd2/Camara/Recordings/2026-09-04/72-20260904130518.jpg
327395	/media/hdd2/Camara/Recordings/2026-09-04/73-20260904130552.jpg
335828	/media/hdd2/Camara/Recordings/2026-09-04/74-20260904130612.jpg
326921	/media/hdd2/Camara/Recordings/2026-09-04/75-20260904130625.jpg
315942	/media/hdd2/Camara/Recordings/2026-09-04/76-20260904131456.jpg
347235	/media/hdd2/Camara/Recordings/2026-09-04/77-20260904135656.jpg
348695	/media/hdd2/Camara/Recordings/2026-09-04/78-20260904135909.jpg
345936	/media/hdd2/Camara/Recordings/2026-09-04/79-20260904135938.jpg
347341	/media/hdd2/Camara/Recordings/2026-09-04/80-20260904135946.jpg
345993	/media/hdd2/Camara/Recordings/2026-09-04/81-20260904140217.jpg
338828	/media/hdd2/Camara/Recordings/2026-09-04/82-20260904140233.jpg
352277	/media/hdd2/Camara/Recordings/2026-09-04/83-20260904141419.jpg
356298	/media/hdd2/Camara/Recordings/2026-09-04/84-20260904142234.jpg
355295	/media/hdd2/Camara/Recordings/2026-09-04/85-20260904142303.jpg
372367	/media/hdd2/Camara/Recordings/2026-09-04/86-20260904142724.jpg
345424	/media/hdd2/Camara/Recordings/2026-09-04/87-20260904151959.jpg
343713	/media/hdd2/Camara/Recordings/2026-09-04/88-20260904152130.jpg
356482	/media/hdd2/Camara/Recordings/2026-09-04/89-20260904160011.jpg
352177	/media/hdd2/Camara/Recordings/2026-09-04/90-20260904161151.jpg
357691	/media/hdd2/Camara/Recordings/2026-09-04/91-20260904162553.jpg
349866	/media/hdd2/Camara/Recordings/2026-09-04/92-20260904165947.jpg
345836	/media/hdd2/Camara/Recordings/2026-09-04/93-20260904170008.jpg
348858	/media/hdd2/Camara/Recordings/2026-09-04/95-20260904173951.jpg
349909	/media/hdd2/Camara/Recordings/2026-09-04/96-20260904183227.jpg
373522	/media/hdd2/Camara/Recordings/2026-09-04/97-20260904185150.jpg
360995	/media/hdd2/Camara/Recordings/2026-09-04/98-20260904203130.jpg
361913	/media/hdd2/Camara/Recordings/2026-09-04/99-20260904205203.jpg
208916	/media/hdd2/Camara/Recordings/2026-09-05/104-20260905001255.jpg
224389	/media/hdd2/Camara/Recordings/2026-09-05/106-20260905001703.jpg
216505	/media/hdd2/Camara/Recordings/2026-09-05/107-20260905002207.jpg
216909	/media/hdd2/Camara/Recordings/2026-09-05/108-20260905005023.jpg
219258	/media/hdd2/Camara/Recordings/2026-09-05/109-20260905005147.jpg
224767	/media/hdd2/Camara/Recordings/2026-09-05/110-20260905041739.jpg
224077	/media/hdd2/Camara/Recordings/2026-09-05/111-20260905043846.jpg
220391	/media/hdd2/Camara/Recordings/2026-09-05/112-20260905064356.jpg
225701	/media/hdd2/Camara/Recordings/2026-09-05/113-20260905064431.jpg
327203	/media/hdd2/Camara/Recordings/2026-09-05/114-20260905074438.jpg
406412	/media/hdd2/Camara/Recordings/2026-09-05/115-20260905091041.jpg
407297	/media/hdd2/Camara/Recordings/2026-09-05/116-20260905091531.jpg
393758	/media/hdd2/Camara/Recordings/2026-09-05/117-20260905091603.jpg
369827	/media/hdd2/Camara/Recordings/2026-09-05/119-20260905111520.jpg
366427	/media/hdd2/Camara/Recordings/2026-09-05/120-20260905114255.jpg
391482	/media/hdd2/Camara/Recordings/2026-09-05/121-20260905114802.jpg
366336	/media/hdd2/Camara/Recordings/2026-09-05/122-20260905115228.jpg
391947	/media/hdd2/Camara/Recordings/2026-09-05/123-20260905120228.jpg
363034	/media/hdd2/Camara/Recordings/2026-09-05/125-20260905122240.jpg
362157	/media/hdd2/Camara/Recordings/2026-09-05/126-20260905122319.jpg
370945	/media/hdd2/Camara/Recordings/2026-09-05/127-20260905122401.jpg
369687	/media/hdd2/Camara/Recordings/2026-09-05/128-20260905122528.jpg
369720	/media/hdd2/Camara/Recordings/2026-09-05/129-20260905122602.jpg
362185	/media/hdd2/Camara/Recordings/2026-09-05/130-20260905122849.jpg
372452	/media/hdd2/Camara/Recordings/2026-09-05/131-20260905123150.jpg
382081	/media/hdd2/Camara/Recordings/2026-09-05/132-20260905124027.jpg
372133	/media/hdd2/Camara/Recordings/2026-09-05/133-20260905124713.jpg
373741	/media/hdd2/Camara/Recordings/2026-09-05/134-20260905124724.jpg
370824	/media/hdd2/Camara/Recordings/2026-09-05/135-20260905124734.jpg
379153	/media/hdd2/Camara/Recordings/2026-09-05/136-20260905125021.jpg
348127	/media/hdd2/Camara/Recordings/2026-09-05/137-20260905125346.jpg
345326	/media/hdd2/Camara/Recordings/2026-09-05/138-20260905125451.jpg
359404	/media/hdd2/Camara/Recordings/2026-09-05/139-20260905125510.jpg
381803	/media/hdd2/Camara/Recordings/2026-09-05/140-20260905125520.jpg
357484	/media/hdd2/Camara/Recordings/2026-09-05/141-20260905125601.jpg
379025	/media/hdd2/Camara/Recordings/2026-09-05/142-20260905125846.jpg
368101	/media/hdd2/Camara/Recordings/2026-09-05/143-20260905130049.jpg
385331	/media/hdd2/Camara/Recordings/2026-09-05/146-20260905131714.jpg
390523	/media/hdd2/Camara/Recordings/2026-09-05/147-20260905131724.jpg
388799	/media/hdd2/Camara/Recordings/2026-09-05/148-20260905132115.jpg
395379	/media/hdd2/Camara/Recordings/2026-09-05/149-20260905132357.jpg
390992	/media/hdd2/Camara/Recordings/2026-09-05/151-20260905132516.jpg
382079	/media/hdd2/Camara/Recordings/2026-09-05/153-20260905132947.jpg
367554	/media/hdd2/Camara/Recordings/2026-09-05/154-20260905133706.jpg
377979	/media/hdd2/Camara/Recordings/2026-09-05/156-20260905134303.jpg
312355	/media/hdd2/Camara/Recordings/2026-09-05/158-20260905134702.jpg
319522	/media/hdd2/Camara/Recordings/2026-09-05/159-20260905134736.jpg
309051	/media/hdd2/Camara/Recordings/2026-09-05/161-20260905134845.jpg
294656	/media/hdd2/Camara/Recordings/2026-09-05/163-20260905134911.jpg
298529	/media/hdd2/Camara/Recordings/2026-09-05/164-20260905135044.jpg
284864	/media/hdd2/Camara/Recordings/2026-09-05/165-20260905135106.jpg
289591	/media/hdd2/Camara/Recordings/2026-09-05/166-20260905135208.jpg
294870	/media/hdd2/Camara/Recordings/2026-09-05/167-20260905135237.jpg
311148	/media/hdd2/Camara/Recordings/2026-09-05/169-20260905135358.jpg
307736	/media/hdd2/Camara/Recordings/2026-09-05/171-20260905135452.jpg
305630	/media/hdd2/Camara/Recordings/2026-09-05/172-20260905135508.jpg
300797	/media/hdd2/Camara/Recordings/2026-09-05/173-20260905135658.jpg
315732	/media/hdd2/Camara/Recordings/2026-09-05/174-20260905135719.jpg
299155	/media/hdd2/Camara/Recordings/2026-09-05/177-20260905135926.jpg
304078	/media/hdd2/Camara/Recordings/2026-09-05/178-20260905135958.jpg
300577	/media/hdd2/Camara/Recordings/2026-09-05/179-20260905140045.jpg
287985	/media/hdd2/Camara/Recordings/2026-09-05/181-20260905140237.jpg
289496	/media/hdd2/Camara/Recordings/2026-09-05/183-20260905140330.jpg
273348	/media/hdd2/Camara/Recordings/2026-09-05/183-20260905140430.jpg
284575	/media/hdd2/Camara/Recordings/2026-09-05/185-20260905140548.jpg
275147	/media/hdd2/Camara/Recordings/2026-09-05/189-20260905140958.jpg
276825	/media/hdd2/Camara/Recordings/2026-09-05/190-20260905141016.jpg
275027	/media/hdd2/Camara/Recordings/2026-09-05/191-20260905141115.jpg
278523	/media/hdd2/Camara/Recordings/2026-09-05/193-20260905141159.jpg
297712	/media/hdd2/Camara/Recordings/2026-09-05/195-20260905141352.jpg
315540	/media/hdd2/Camara/Recordings/2026-09-05/197-20260905141513.jpg
317136	/media/hdd2/Camara/Recordings/2026-09-05/198-20260905141559.jpg
319821	/media/hdd2/Camara/Recordings/2026-09-05/201-20260905141744.jpg
308280	/media/hdd2/Camara/Recordings/2026-09-05/202-20260905141804.jpg
301741	/media/hdd2/Camara/Recordings/2026-09-05/203-20260905141833.jpg
293867	/media/hdd2/Camara/Recordings/2026-09-05/204-20260905141900.jpg
298538	/media/hdd2/Camara/Recordings/2026-09-05/208-20260905142146.jpg
307003	/media/hdd2/Camara/Recordings/2026-09-05/210-20260905142426.jpg
299299	/media/hdd2/Camara/Recordings/2026-09-05/212-20260905142612.jpg
299240	/media/hdd2/Camara/Recordings/2026-09-05/214-20260905142638.jpg
289060	/media/hdd2/Camara/Recordings/2026-09-05/215-20260905142801.jpg
288413	/media/hdd2/Camara/Recordings/2026-09-05/216-20260905142818.jpg
287540	/media/hdd2/Camara/Recordings/2026-09-05/217-20260905142836.jpg
294910	/media/hdd2/Camara/Recordings/2026-09-05/219-20260905142935.jpg
293117	/media/hdd2/Camara/Recordings/2026-09-05/220-20260905143043.jpg
295200	/media/hdd2/Camara/Recordings/2026-09-05/221-20260905143144.jpg
283293	/media/hdd2/Camara/Recordings/2026-09-05/222-20260905143203.jpg
294480	/media/hdd2/Camara/Recordings/2026-09-05/223-20260905143226.jpg
292275	/media/hdd2/Camara/Recordings/2026-09-05/224-20260905143259.jpg
283253	/media/hdd2/Camara/Recordings/2026-09-05/225-20260905143338.jpg
280654	/media/hdd2/Camara/Recordings/2026-09-05/226-20260905143346.jpg
270524	/media/hdd2/Camara/Recordings/2026-09-05/227-20260905143522.jpg
280547	/media/hdd2/Camara/Recordings/2026-09-05/228-20260905143542.jpg
266190	/media/hdd2/Camara/Recordings/2026-09-05/229-20260905143659.jpg
274426	/media/hdd2/Camara/Recordings/2026-09-05/230-20260905143728.jpg
268539	/media/hdd2/Camara/Recordings/2026-09-05/231-20260905143746.jpg
267496	/media/hdd2/Camara/Recordings/2026-09-05/232-20260905143756.jpg
276790	/media/hdd2/Camara/Recordings/2026-09-05/233-20260905143835.jpg
273111	/media/hdd2/Camara/Recordings/2026-09-05/234-20260905143846.jpg
278075	/media/hdd2/Camara/Recordings/2026-09-05/236-20260905143921.jpg
276994	/media/hdd2/Camara/Recordings/2026-09-05/237-20260905143941.jpg
276199	/media/hdd2/Camara/Recordings/2026-09-05/238-20260905144024.jpg
277447	/media/hdd2/Camara/Recordings/2026-09-05/240-20260905144118.jpg
284052	/media/hdd2/Camara/Recordings/2026-09-05/241-20260905144211.jpg
278495	/media/hdd2/Camara/Recordings/2026-09-05/244-20260905144411.jpg
278273	/media/hdd2/Camara/Recordings/2026-09-05/245-20260905144453.jpg
270497	/media/hdd2/Camara/Recordings/2026-09-05/246-20260905144516.jpg
271853	/media/hdd2/Camara/Recordings/2026-09-05/247-20260905144556.jpg
281748	/media/hdd2/Camara/Recordings/2026-09-05/248-20260905144648.jpg
295781	/media/hdd2/Camara/Recordings/2026-09-05/251-20260905144824.jpg
301224	/media/hdd2/Camara/Recordings/2026-09-05/252-20260905144839.jpg
293716	/media/hdd2/Camara/Recordings/2026-09-05/253-20260905144850.jpg
292373	/media/hdd2/Camara/Recordings/2026-09-05/254-20260905144934.jpg
283206	/media/hdd2/Camara/Recordings/2026-09-05/255-20260905145012.jpg
275279	/media/hdd2/Camara/Recordings/2026-09-05/258-20260905145228.jpg
273561	/media/hdd2/Camara/Recordings/2026-09-05/259-20260905145306.jpg
273087	/media/hdd2/Camara/Recordings/2026-09-05/262-20260905145537.jpg
264688	/media/hdd2/Camara/Recordings/2026-09-05/263-20260905145553.jpg
272244	/media/hdd2/Camara/Recordings/2026-09-05/264-20260905145639.jpg
271332	/media/hdd2/Camara/Recordings/2026-09-05/266-20260905145728.jpg
269176	/media/hdd2/Camara/Recordings/2026-09-05/267-20260905145748.jpg
279956	/media/hdd2/Camara/Recordings/2026-09-05/268-20260905145833.jpg
270948	/media/hdd2/Camara/Recordings/2026-09-05/271-20260905145950.jpg
276375	/media/hdd2/Camara/Recordings/2026-09-05/272-20260905150006.jpg
273184	/media/hdd2/Camara/Recordings/2026-09-05/273-20260905150021.jpg
272303	/media/hdd2/Camara/Recordings/2026-09-05/274-20260905150029.jpg
273852	/media/hdd2/Camara/Recordings/2026-09-05/275-20260905150119.jpg
276424	/media/hdd2/Camara/Recordings/2026-09-05/276-20260905150136.jpg
272335	/media/hdd2/Camara/Recordings/2026-09-05/279-20260905150325.jpg
277134	/media/hdd2/Camara/Recordings/2026-09-05/281-20260905150440.jpg
278502	/media/hdd2/Camara/Recordings/2026-09-05/282-20260905150456.jpg
280180	/media/hdd2/Camara/Recordings/2026-09-05/284-20260905150553.jpg
273777	/media/hdd2/Camara/Recordings/2026-09-05/285-20260905150633.jpg
277924	/media/hdd2/Camara/Recordings/2026-09-05/286-20260905150648.jpg
268980	/media/hdd2/Camara/Recordings/2026-09-05/288-20260905150816.jpg
273050	/media/hdd2/Camara/Recordings/2026-09-05/289-20260905150910.jpg
274372	/media/hdd2/Camara/Recordings/2026-09-05/290-20260905150953.jpg
277713	/media/hdd2/Camara/Recordings/2026-09-05/291-20260905151022.jpg
286432	/media/hdd2/Camara/Recordings/2026-09-05/291-20260905151122.jpg
270787	/media/hdd2/Camara/Recordings/2026-09-05/292-20260905151217.jpg
281460	/media/hdd2/Camara/Recordings/2026-09-05/294-20260905151512.jpg
285716	/media/hdd2/Camara/Recordings/2026-09-05/295-20260905151525.jpg
286060	/media/hdd2/Camara/Recordings/2026-09-05/296-20260905151613.jpg
304365	/media/hdd2/Camara/Recordings/2026-09-05/297-20260905151812.jpg
310352	/media/hdd2/Camara/Recordings/2026-09-05/298-20260905151845.jpg
319918	/media/hdd2/Camara/Recordings/2026-09-05/299-20260905152018.jpg
302315	/media/hdd2/Camara/Recordings/2026-09-05/301-20260905152134.jpg
315485	/media/hdd2/Camara/Recordings/2026-09-05/302-20260905152222.jpg
318673	/media/hdd2/Camara/Recordings/2026-09-05/304-20260905152324.jpg
301725	/media/hdd2/Camara/Recordings/2026-09-05/306-20260905152413.jpg
303369	/media/hdd2/Camara/Recordings/2026-09-05/307-20260905152441.jpg
301243	/media/hdd2/Camara/Recordings/2026-09-05/308-20260905152454.jpg
311515	/media/hdd2/Camara/Recordings/2026-09-05/310-20260905152602.jpg
307271	/media/hdd2/Camara/Recordings/2026-09-05/312-20260905152709.jpg
311831	/media/hdd2/Camara/Recordings/2026-09-05/313-20260905152723.jpg
260575	/media/hdd2/Camara/Recordings/2026-09-05/315-20260905152946.jpg
266207	/media/hdd2/Camara/Recordings/2026-09-05/315-20260905153046.jpg
301873	/media/hdd2/Camara/Recordings/2026-09-05/316-20260905153229.jpg
314145	/media/hdd2/Camara/Recordings/2026-09-05/319-20260905153447.jpg
295884	/media/hdd2/Camara/Recordings/2026-09-05/322-20260905153714.jpg
289054	/media/hdd2/Camara/Recordings/2026-09-05/323-20260905153755.jpg
290618	/media/hdd2/Camara/Recordings/2026-09-05/324-20260905153831.jpg
291526	/media/hdd2/Camara/Recordings/2026-09-05/328-20260905154048.jpg
289119	/media/hdd2/Camara/Recordings/2026-09-05/329-20260905154127.jpg
282390	/media/hdd2/Camara/Recordings/2026-09-05/330-20260905154157.jpg
280627	/media/hdd2/Camara/Recordings/2026-09-05/331-20260905154221.jpg
275073	/media/hdd2/Camara/Recordings/2026-09-05/332-20260905154235.jpg
277024	/media/hdd2/Camara/Recordings/2026-09-05/333-20260905154255.jpg
274197	/media/hdd2/Camara/Recordings/2026-09-05/334-20260905154310.jpg
283103	/media/hdd2/Camara/Recordings/2026-09-05/338-20260905154523.jpg
285889	/media/hdd2/Camara/Recordings/2026-09-05/339-20260905154649.jpg
283504	/media/hdd2/Camara/Recordings/2026-09-05/340-20260905154807.jpg
279869	/media/hdd2/Camara/Recordings/2026-09-05/341-20260905154825.jpg
287226	/media/hdd2/Camara/Recordings/2026-09-05/342-20260905154919.jpg
279439	/media/hdd2/Camara/Recordings/2026-09-05/343-20260905155003.jpg
282340	/media/hdd2/Camara/Recordings/2026-09-05/344-20260905155021.jpg
286423	/media/hdd2/Camara/Recordings/2026-09-05/345-20260905155111.jpg
280658	/media/hdd2/Camara/Recordings/2026-09-05/346-20260905155125.jpg
294064	/media/hdd2/Camara/Recordings/2026-09-05/347-20260905155329.jpg
297083	/media/hdd2/Camara/Recordings/2026-09-05/348-20260905155516.jpg
302767	/media/hdd2/Camara/Recordings/2026-09-05/350-20260905155653.jpg
292741	/media/hdd2/Camara/Recordings/2026-09-05/351-20260905155705.jpg
290607	/media/hdd2/Camara/Recordings/2026-09-05/352-20260905155722.jpg
289541	/media/hdd2/Camara/Recordings/2026-09-05/353-20260905155755.jpg
296340	/media/hdd2/Camara/Recordings/2026-09-05/354-20260905155820.jpg
307391	/media/hdd2/Camara/Recordings/2026-09-05/358-20260905155951.jpg
318235	/media/hdd2/Camara/Recordings/2026-09-05/359-20260905160022.jpg
307913	/media/hdd2/Camara/Recordings/2026-09-05/362-20260905160238.jpg
317134	/media/hdd2/Camara/Recordings/2026-09-05/363-20260905160249.jpg
303773	/media/hdd2/Camara/Recordings/2026-09-05/365-20260905160445.jpg
302471	/media/hdd2/Camara/Recordings/2026-09-05/366-20260905160624.jpg
293652	/media/hdd2/Camara/Recordings/2026-09-05/367-20260905160648.jpg
296435	/media/hdd2/Camara/Recordings/2026-09-05/368-20260905160713.jpg
282746	/media/hdd2/Camara/Recordings/2026-09-05/370-20260905160854.jpg
283600	/media/hdd2/Camara/Recordings/2026-09-05/371-20260905160907.jpg
275572	/media/hdd2/Camara/Recordings/2026-09-05/372-20260905160924.jpg
278267	/media/hdd2/Camara/Recordings/2026-09-05/374-20260905161028.jpg
274136	/media/hdd2/Camara/Recordings/2026-09-05/375-20260905161043.jpg
277160	/media/hdd2/Camara/Recordings/2026-09-05/376-20260905161105.jpg
277512	/media/hdd2/Camara/Recordings/2026-09-05/377-20260905161132.jpg
279479	/media/hdd2/Camara/Recordings/2026-09-05/379-20260905161219.jpg
270870	/media/hdd2/Camara/Recordings/2026-09-05/380-20260905161233.jpg
282916	/media/hdd2/Camara/Recordings/2026-09-05/381-20260905161348.jpg
280982	/media/hdd2/Camara/Recordings/2026-09-05/382-20260905161357.jpg
283718	/media/hdd2/Camara/Recordings/2026-09-05/384-20260905161525.jpg
284808	/media/hdd2/Camara/Recordings/2026-09-05/385-20260905161554.jpg
288173	/media/hdd2/Camara/Recordings/2026-09-05/386-20260905161708.jpg
286508	/media/hdd2/Camara/Recordings/2026-09-05/388-20260905161803.jpg
287258	/media/hdd2/Camara/Recordings/2026-09-05/389-20260905161836.jpg
286943	/media/hdd2/Camara/Recordings/2026-09-05/390-20260905161918.jpg
271080	/media/hdd2/Camara/Recordings/2026-09-05/391-20260905161936.jpg
284687	/media/hdd2/Camara/Recordings/2026-09-05/392-20260905162004.jpg
283367	/media/hdd2/Camara/Recordings/2026-09-05/394-20260905162117.jpg
267635	/media/hdd2/Camara/Recordings/2026-09-05/395-20260905162137.jpg
283274	/media/hdd2/Camara/Recordings/2026-09-05/397-20260905162330.jpg
280591	/media/hdd2/Camara/Recordings/2026-09-05/398-20260905162343.jpg
286173	/media/hdd2/Camara/Recordings/2026-09-05/399-20260905162432.jpg
274525	/media/hdd2/Camara/Recordings/2026-09-05/401-20260905162549.jpg
275238	/media/hdd2/Camara/Recordings/2026-09-05/403-20260905162618.jpg
276844	/media/hdd2/Camara/Recordings/2026-09-05/404-20260905162627.jpg
275412	/media/hdd2/Camara/Recordings/2026-09-05/405-20260905162649.jpg
282571	/media/hdd2/Camara/Recordings/2026-09-05/406-20260905162713.jpg
282790	/media/hdd2/Camara/Recordings/2026-09-05/407-20260905162756.jpg
284994	/media/hdd2/Camara/Recordings/2026-09-05/408-20260905162821.jpg
278120	/media/hdd2/Camara/Recordings/2026-09-05/410-20260905163029.jpg
281781	/media/hdd2/Camara/Recordings/2026-09-05/411-20260905163137.jpg
285038	/media/hdd2/Camara/Recordings/2026-09-05/412-20260905163149.jpg
285763	/media/hdd2/Camara/Recordings/2026-09-05/414-20260905163241.jpg
283603	/media/hdd2/Camara/Recordings/2026-09-05/415-20260905163341.jpg
279360	/media/hdd2/Camara/Recordings/2026-09-05/417-20260905163634.jpg
288503	/media/hdd2/Camara/Recordings/2026-09-05/419-20260905163802.jpg
281122	/media/hdd2/Camara/Recordings/2026-09-05/420-20260905163847.jpg
281829	/media/hdd2/Camara/Recordings/2026-09-05/421-20260905163940.jpg
281682	/media/hdd2/Camara/Recordings/2026-09-05/422-20260905164014.jpg
284079	/media/hdd2/Camara/Recordings/2026-09-05/424-20260905164126.jpg
281339	/media/hdd2/Camara/Recordings/2026-09-05/425-20260905164155.jpg
287284	/media/hdd2/Camara/Recordings/2026-09-05/428-20260905164347.jpg
281954	/media/hdd2/Camara/Recordings/2026-09-05/429-20260905164415.jpg
297652	/media/hdd2/Camara/Recordings/2026-09-05/430-20260905164459.jpg
288485	/media/hdd2/Camara/Recordings/2026-09-05/431-20260905164527.jpg
288035	/media/hdd2/Camara/Recordings/2026-09-05/432-20260905164624.jpg
307841	/media/hdd2/Camara/Recordings/2026-09-05/433-20260905164723.jpg
306346	/media/hdd2/Camara/Recordings/2026-09-05/434-20260905164731.jpg
308985	/media/hdd2/Camara/Recordings/2026-09-05/435-20260905164814.jpg
306344	/media/hdd2/Camara/Recordings/2026-09-05/436-20260905164843.jpg
289569	/media/hdd2/Camara/Recordings/2026-09-05/436-20260905164943.jpg
307972	/media/hdd2/Camara/Recordings/2026-09-05/438-20260905165135.jpg
293194	/media/hdd2/Camara/Recordings/2026-09-05/440-20260905165357.jpg
300277	/media/hdd2/Camara/Recordings/2026-09-05/441-20260905165451.jpg
289866	/media/hdd2/Camara/Recordings/2026-09-05/443-20260905165602.jpg
290452	/media/hdd2/Camara/Recordings/2026-09-05/444-20260905165639.jpg
287332	/media/hdd2/Camara/Recordings/2026-09-05/445-20260905165653.jpg
288340	/media/hdd2/Camara/Recordings/2026-09-05/447-20260905165736.jpg
285285	/media/hdd2/Camara/Recordings/2026-09-05/448-20260905165749.jpg
286077	/media/hdd2/Camara/Recordings/2026-09-05/449-20260905165815.jpg
285275	/media/hdd2/Camara/Recordings/2026-09-05/451-20260905165939.jpg
277431	/media/hdd2/Camara/Recordings/2026-09-05/454-20260905170042.jpg
288151	/media/hdd2/Camara/Recordings/2026-09-05/455-20260905170305.jpg
282935	/media/hdd2/Camara/Recordings/2026-09-05/456-20260905170323.jpg
283715	/media/hdd2/Camara/Recordings/2026-09-05/457-20260905170352.jpg
283380	/media/hdd2/Camara/Recordings/2026-09-05/458-20260905170418.jpg
286490	/media/hdd2/Camara/Recordings/2026-09-05/459-20260905170504.jpg
274561	/media/hdd2/Camara/Recordings/2026-09-05/461-20260905170553.jpg
279814	/media/hdd2/Camara/Recordings/2026-09-05/464-20260905170906.jpg
291162	/media/hdd2/Camara/Recordings/2026-09-05/465-20260905171000.jpg
289370	/media/hdd2/Camara/Recordings/2026-09-05/466-20260905171047.jpg
284117	/media/hdd2/Camara/Recordings/2026-09-05/467-20260905171113.jpg
263275	/media/hdd2/Camara/Recordings/2026-09-05/467-20260905171213.jpg
275928	/media/hdd2/Camara/Recordings/2026-09-05/467-20260905171313.jpg
298447	/media/hdd2/Camara/Recordings/2026-09-05/468-20260905171404.jpg
304383	/media/hdd2/Camara/Recordings/2026-09-05/469-20260905171453.jpg
304469	/media/hdd2/Camara/Recordings/2026-09-05/470-20260905171604.jpg
299544	/media/hdd2/Camara/Recordings/2026-09-05/471-20260905171753.jpg
301240	/media/hdd2/Camara/Recordings/2026-09-05/473-20260905171826.jpg
291649	/media/hdd2/Camara/Recordings/2026-09-05/475-20260905172058.jpg
303633	/media/hdd2/Camara/Recordings/2026-09-05/477-20260905172227.jpg
309415	/media/hdd2/Camara/Recordings/2026-09-05/479-20260905172337.jpg
307632	/media/hdd2/Camara/Recordings/2026-09-05/480-20260905172411.jpg
304067	/media/hdd2/Camara/Recordings/2026-09-05/481-20260905172427.jpg
307174	/media/hdd2/Camara/Recordings/2026-09-05/482-20260905172445.jpg
307217	/media/hdd2/Camara/Recordings/2026-09-05/483-20260905172500.jpg
303707	/media/hdd2/Camara/Recordings/2026-09-05/484-20260905172647.jpg
308565	/media/hdd2/Camara/Recordings/2026-09-05/485-20260905172707.jpg
311669	/media/hdd2/Camara/Recordings/2026-09-05/488-20260905172831.jpg
304462	/media/hdd2/Camara/Recordings/2026-09-05/490-20260905172932.jpg
300629	/media/hdd2/Camara/Recordings/2026-09-05/491-20260905172944.jpg
311968	/media/hdd2/Camara/Recordings/2026-09-05/492-20260905173120.jpg
315735	/media/hdd2/Camara/Recordings/2026-09-05/493-20260905173307.jpg
294342	/media/hdd2/Camara/Recordings/2026-09-05/494-20260905173518.jpg
296847	/media/hdd2/Camara/Recordings/2026-09-05/495-20260905173646.jpg
297508	/media/hdd2/Camara/Recordings/2026-09-05/499-20260905174052.jpg
297882	/media/hdd2/Camara/Recordings/2026-09-05/500-20260905174253.jpg
295621	/media/hdd2/Camara/Recordings/2026-09-05/502-20260905174329.jpg
296551	/media/hdd2/Camara/Recordings/2026-09-05/503-20260905174341.jpg
287644	/media/hdd2/Camara/Recordings/2026-09-05/505-20260905174433.jpg
295846	/media/hdd2/Camara/Recordings/2026-09-05/506-20260905174448.jpg
350257	/media/hdd2/Camara/Recordings/2026-09-05/509-20260905183143.jpg
352633	/media/hdd2/Camara/Recordings/2026-09-05/510-20260905183227.jpg
363016	/media/hdd2/Camara/Recordings/2026-09-05/511-20260905183256.jpg
367246	/media/hdd2/Camara/Recordings/2026-09-05/513-20260905183555.jpg
356454	/media/hdd2/Camara/Recordings/2026-09-05/514-20260905184244.jpg
352762	/media/hdd2/Camara/Recordings/2026-09-05/515-20260905185344.jpg
263156	/media/hdd2/Camara/Recordings/2026-09-05/516-20260905185654.jpg
262378	/media/hdd2/Camara/Recordings/2026-09-05/517-20260905185722.jpg
210365	/media/hdd2/Camara/Recordings/2026-09-05/518-20260905190708.jpg
208491	/media/hdd2/Camara/Recordings/2026-09-05/519-20260905190831.jpg
335001	/media/hdd2/Camara/Recordings/2026-09-05/522-20260905203749.jpg
329167	/media/hdd2/Camara/Recordings/2026-09-05/524-20260905204001.jpg
356551	/media/hdd2/Camara/Recordings/2026-09-05/525-20260905212617.jpg
358744	/media/hdd2/Camara/Recordings/2026-09-05/526-20260905213230.jpg
359900	/media/hdd2/Camara/Recordings/2026-09-05/527-20260905213600.jpg
356990	/media/hdd2/Camara/Recordings/2026-09-05/528-20260905220710.jpg
371123	/media/hdd2/Camara/Recordings/2026-09-08/03-20260908112659.jpg
372177	/media/hdd2/Camara/Recordings/2026-09-08/04-20260908113213.jpg
372897	/media/hdd2/Camara/Recordings/2026-09-08/05-20260908113515.jpg
361867	/media/hdd2/Camara/Recordings/2026-09-08/06-20260908115849.jpg
351780	/media/hdd2/Camara/Recordings/2026-09-08/07-20260908120226.jpg
341612	/media/hdd2/Camara/Recordings/2026-09-08/09-20260908120331.jpg
352237	/media/hdd2/Camara/Recordings/2026-09-08/10-20260908120618.jpg
349434	/media/hdd2/Camara/Recordings/2026-09-08/11-20260908121503.jpg
346309	/media/hdd2/Camara/Recordings/2026-09-08/12-20260908122449.jpg
345727	/media/hdd2/Camara/Recordings/2026-09-08/13-20260908122648.jpg
348646	/media/hdd2/Camara/Recordings/2026-09-08/14-20260908122747.jpg
351473	/media/hdd2/Camara/Recordings/2026-09-08/15-20260908122755.jpg
352344	/media/hdd2/Camara/Recordings/2026-09-08/16-20260908122828.jpg
356204	/media/hdd2/Camara/Recordings/2026-09-08/17-20260908123655.jpg
370850	/media/hdd2/Camara/Recordings/2026-09-08/18-20260908140054.jpg
365864	/media/hdd2/Camara/Recordings/2026-09-08/19-20260908141934.jpg
362673	/media/hdd2/Camara/Recordings/2026-09-08/20-20260908142400.jpg
359680	/media/hdd2/Camara/Recordings/2026-09-08/21-20260908162032.jpg
361973	/media/hdd2/Camara/Recordings/2026-09-08/22-20260908163512.jpg
359499	/media/hdd2/Camara/Recordings/2026-09-08/23-20260908163907.jpg
375031	/media/hdd2/Camara/Recordings/2026-09-08/24-20260908165934.jpg
361806	/media/hdd2/Camara/Recordings/2026-09-08/25-20260908170120.jpg
382530	/media/hdd2/Camara/Recordings/2026-09-08/26-20260908170332.jpg
362231	/media/hdd2/Camara/Recordings/2026-09-08/27-20260908170439.jpg
360255	/media/hdd2/Camara/Recordings/2026-09-08/28-20260908170818.jpg
364408	/media/hdd2/Camara/Recordings/2026-09-08/29-20260908170849.jpg
360911	/media/hdd2/Camara/Recordings/2026-09-08/30-20260908171103.jpg
383604	/media/hdd2/Camara/Recordings/2026-09-08/31-20260908173139.jpg
381854	/media/hdd2/Camara/Recordings/2026-09-08/32-20260908173752.jpg
376195	/media/hdd2/Camara/Recordings/2026-09-08/33-20260908173805.jpg
377216	/media/hdd2/Camara/Recordings/2026-09-08/34-20260908180056.jpg
355287	/media/hdd2/Camara/Recordings/2026-09-08/35-20260908184836.jpg
335873	/media/hdd2/Camara/Recordings/2026-09-08/36-20260908185345.jpg
354238	/media/hdd2/Camara/Recordings/2026-09-08/37-20260908192931.jpg
350780	/media/hdd2/Camara/Recordings/2026-09-08/38-20260908203716.jpg
349934	/media/hdd2/Camara/Recordings/2026-09-08/39-20260908203729.jpg
352030	/media/hdd2/Camara/Recordings/2026-09-08/40-20260908221246.jpg
350088	/media/hdd2/Camara/Recordings/2026-09-08/41-20260908221801.jpg
207956	/media/hdd2/Camara/Recordings/2026-09-08/42-20260908232442.jpg
399353	/media/hdd2/Camara/Recordings/2026-09-09/01-20260909103018.jpg
379533	/media/hdd2/Camara/Recordings/2026-09-09/01-20260909170716.jpg
379530	/media/hdd2/Camara/Recordings/2026-09-09/01-20260909175816.jpg
406022	/media/hdd2/Camara/Recordings/2026-09-09/02-20260909104706.jpg
369771	/media/hdd2/Camara/Recordings/2026-09-09/02-20260909171757.jpg
383686	/media/hdd2/Camara/Recordings/2026-09-09/02-20260909180352.jpg
400669	/media/hdd2/Camara/Recordings/2026-09-09/03-20260909105933.jpg
372745	/media/hdd2/Camara/Recordings/2026-09-09/03-20260909172946.jpg
396316	/media/hdd2/Camara/Recordings/2026-09-09/04-20260909110625.jpg
304165	/media/hdd2/Camara/Recordings/2026-09-09/04-20260909185827.jpg
357607	/media/hdd2/Camara/Recordings/2026-09-09/05-20260909110641.jpg
264054	/media/hdd2/Camara/Recordings/2026-09-09/05-20260909185952.jpg
398726	/media/hdd2/Camara/Recordings/2026-09-09/06-20260909110705.jpg
247620	/media/hdd2/Camara/Recordings/2026-09-09/06-20260909190301.jpg
402997	/media/hdd2/Camara/Recordings/2026-09-09/07-20260909110731.jpg
250868	/media/hdd2/Camara/Recordings/2026-09-09/08-20260909191232.jpg
405152	/media/hdd2/Camara/Recordings/2026-09-09/09-20260909110751.jpg
248867	/media/hdd2/Camara/Recordings/2026-09-09/09-20260909192157.jpg
406074	/media/hdd2/Camara/Recordings/2026-09-09/10-20260909110807.jpg
245940	/media/hdd2/Camara/Recordings/2026-09-09/10-20260909193654.jpg
402127	/media/hdd2/Camara/Recordings/2026-09-09/11-20260909110819.jpg
312848	/media/hdd2/Camara/Recordings/2026-09-09/11-20260909194150.jpg
407009	/media/hdd2/Camara/Recordings/2026-09-09/12-20260909110832.jpg
316723	/media/hdd2/Camara/Recordings/2026-09-09/12-20260909194227.jpg
405902	/media/hdd2/Camara/Recordings/2026-09-09/13-20260909110842.jpg
363991	/media/hdd2/Camara/Recordings/2026-09-09/13-20260909204419.jpg
363220	/media/hdd2/Camara/Recordings/2026-09-09/14-20260909205348.jpg
370780	/media/hdd2/Camara/Recordings/2026-09-09/15-20260909110922.jpg
403531	/media/hdd2/Camara/Recordings/2026-09-09/16-20260909110959.jpg
398063	/media/hdd2/Camara/Recordings/2026-09-09/17-20260909111037.jpg
396719	/media/hdd2/Camara/Recordings/2026-09-09/18-20260909111108.jpg
364826	/media/hdd2/Camara/Recordings/2026-09-09/18-20260909215246.jpg
399114	/media/hdd2/Camara/Recordings/2026-09-09/19-20260909111135.jpg
366446	/media/hdd2/Camara/Recordings/2026-09-09/19-20260909215313.jpg
392351	/media/hdd2/Camara/Recordings/2026-09-09/20-20260909111348.jpg
360171	/media/hdd2/Camara/Recordings/2026-09-09/20-20260909222814.jpg
388275	/media/hdd2/Camara/Recordings/2026-09-09/21-20260909121849.jpg
361160	/media/hdd2/Camara/Recordings/2026-09-09/21-20260909223057.jpg
384583	/media/hdd2/Camara/Recordings/2026-09-09/22-20260909122104.jpg
373722	/media/hdd2/Camara/Recordings/2026-09-09/23-20260909122219.jpg
366546	/media/hdd2/Camara/Recordings/2026-09-09/23-20260909224223.jpg
366149	/media/hdd2/Camara/Recordings/2026-09-09/24-20260909135016.jpg
365863	/media/hdd2/Camara/Recordings/2026-09-09/24-20260909224916.jpg
368313	/media/hdd2/Camara/Recordings/2026-09-09/25-20260909135049.jpg
362307	/media/hdd2/Camara/Recordings/2026-09-09/25-20260909234412.jpg
371616	/media/hdd2/Camara/Recordings/2026-09-09/26-20260909135555.jpg
385401	/media/hdd2/Camara/Recordings/2026-09-09/27-20260909143407.jpg
382113	/media/hdd2/Camara/Recordings/2026-09-09/28-20260909145016.jpg
379827	/media/hdd2/Camara/Recordings/2026-09-09/29-20260909145452.jpg
380459	/media/hdd2/Camara/Recordings/2026-09-09/30-20260909145541.jpg
377508	/media/hdd2/Camara/Recordings/2026-09-09/31-20260909150004.jpg
386447	/media/hdd2/Camara/Recordings/2026-09-09/32-20260909153758.jpg
381073	/media/hdd2/Camara/Recordings/2026-09-09/33-20260909155449.jpg
380394	/media/hdd2/Camara/Recordings/2026-09-09/34-20260909160606.jpg
380249	/media/hdd2/Camara/Recordings/2026-09-09/35-20260909162610.jpg
224146	/media/hdd2/Camara/Recordings/2026-09-09/43-20260909011335.jpg
227457	/media/hdd2/Camara/Recordings/2026-09-09/44-20260909031452.jpg
225587	/media/hdd2/Camara/Recordings/2026-09-09/45-20260909033726.jpg
212770	/media/hdd2/Camara/Recordings/2026-09-09/46-20260909063955.jpg
219723	/media/hdd2/Camara/Recordings/2026-09-09/47-20260909064035.jpg
321229	/media/hdd2/Camara/Recordings/2026-09-09/49-20260909074042.jpg
377713	/media/hdd2/Camara/Recordings/2026-09-10/101-20260910113742.jpg
365575	/media/hdd2/Camara/Recordings/2026-09-10/103-20260910115740.jpg
357982	/media/hdd2/Camara/Recordings/2026-09-10/104-20260910121020.jpg
344343	/media/hdd2/Camara/Recordings/2026-09-10/105-20260910123557.jpg
342056	/media/hdd2/Camara/Recordings/2026-09-10/107-20260910125111.jpg
340072	/media/hdd2/Camara/Recordings/2026-09-10/108-20260910125840.jpg
351909	/media/hdd2/Camara/Recordings/2026-09-10/111-20260910130721.jpg
359126	/media/hdd2/Camara/Recordings/2026-09-10/112-20260910130743.jpg
361910	/media/hdd2/Camara/Recordings/2026-09-10/114-20260910135238.jpg
367566	/media/hdd2/Camara/Recordings/2026-09-10/115-20260910140142.jpg
368331	/media/hdd2/Camara/Recordings/2026-09-10/116-20260910140227.jpg
370465	/media/hdd2/Camara/Recordings/2026-09-10/117-20260910142710.jpg
368431	/media/hdd2/Camara/Recordings/2026-09-10/118-20260910143654.jpg
366083	/media/hdd2/Camara/Recordings/2026-09-10/119-20260910143801.jpg
374417	/media/hdd2/Camara/Recordings/2026-09-10/121-20260910144308.jpg
372130	/media/hdd2/Camara/Recordings/2026-09-10/122-20260910144413.jpg
354960	/media/hdd2/Camara/Recordings/2026-09-10/123-20260910144444.jpg
372753	/media/hdd2/Camara/Recordings/2026-09-10/124-20260910144645.jpg
356622	/media/hdd2/Camara/Recordings/2026-09-10/125-20260910144706.jpg
352658	/media/hdd2/Camara/Recordings/2026-09-10/128-20260910145038.jpg
372615	/media/hdd2/Camara/Recordings/2026-09-10/129-20260910145107.jpg
346554	/media/hdd2/Camara/Recordings/2026-09-10/130-20260910145122.jpg
373279	/media/hdd2/Camara/Recordings/2026-09-10/131-20260910145154.jpg
353833	/media/hdd2/Camara/Recordings/2026-09-10/132-20260910145256.jpg
372645	/media/hdd2/Camara/Recordings/2026-09-10/134-20260910152526.jpg
359979	/media/hdd2/Camara/Recordings/2026-09-10/135-20260910153304.jpg
361320	/media/hdd2/Camara/Recordings/2026-09-10/136-20260910155444.jpg
359085	/media/hdd2/Camara/Recordings/2026-09-10/137-20260910160609.jpg
376738	/media/hdd2/Camara/Recordings/2026-09-10/140-20260910171314.jpg
381002	/media/hdd2/Camara/Recordings/2026-09-10/142-20260910171921.jpg
374512	/media/hdd2/Camara/Recordings/2026-09-10/144-20260910172029.jpg
377084	/media/hdd2/Camara/Recordings/2026-09-10/145-20260910172138.jpg
375110	/media/hdd2/Camara/Recordings/2026-09-10/146-20260910172157.jpg
369224	/media/hdd2/Camara/Recordings/2026-09-10/147-20260910175345.jpg
370889	/media/hdd2/Camara/Recordings/2026-09-10/149-20260910175822.jpg
371312	/media/hdd2/Camara/Recordings/2026-09-10/150-20260910181311.jpg
372562	/media/hdd2/Camara/Recordings/2026-09-10/151-20260910181512.jpg
371721	/media/hdd2/Camara/Recordings/2026-09-10/153-20260910181900.jpg
375754	/media/hdd2/Camara/Recordings/2026-09-10/155-20260910183225.jpg
241947	/media/hdd2/Camara/Recordings/2026-09-10/157-20260910190404.jpg
329351	/media/hdd2/Camara/Recordings/2026-09-10/160-20260910192801.jpg
319478	/media/hdd2/Camara/Recordings/2026-09-10/161-20260910192906.jpg
354009	/media/hdd2/Camara/Recordings/2026-09-10/162-20260910193002.jpg
352371	/media/hdd2/Camara/Recordings/2026-09-10/163-20260910193104.jpg
350404	/media/hdd2/Camara/Recordings/2026-09-10/165-20260910193321.jpg
375085	/media/hdd2/Camara/Recordings/2026-09-10/167-20260910195240.jpg
377121	/media/hdd2/Camara/Recordings/2026-09-10/168-20260910195519.jpg
376567	/media/hdd2/Camara/Recordings/2026-09-10/169-20260910200623.jpg
373538	/media/hdd2/Camara/Recordings/2026-09-10/170-20260910214009.jpg
376312	/media/hdd2/Camara/Recordings/2026-09-10/172-20260910222022.jpg
372743	/media/hdd2/Camara/Recordings/2026-09-10/173-20260910233447.jpg
358280	/media/hdd2/Camara/Recordings/2026-09-10/26-20260910000902.jpg
268923	/media/hdd2/Camara/Recordings/2026-09-10/27-20260910001045.jpg
268194	/media/hdd2/Camara/Recordings/2026-09-10/28-20260910001746.jpg
236275	/media/hdd2/Camara/Recordings/2026-09-10/30-20260910003952.jpg
236658	/media/hdd2/Camara/Recordings/2026-09-10/31-20260910013740.jpg
232246	/media/hdd2/Camara/Recordings/2026-09-10/32-20260910014933.jpg
233474	/media/hdd2/Camara/Recordings/2026-09-10/34-20260910021935.jpg
232128	/media/hdd2/Camara/Recordings/2026-09-10/35-20260910022532.jpg
232986	/media/hdd2/Camara/Recordings/2026-09-10/37-20260910025410.jpg
232030	/media/hdd2/Camara/Recordings/2026-09-10/39-20260910030426.jpg
230981	/media/hdd2/Camara/Recordings/2026-09-10/40-20260910031749.jpg
232459	/media/hdd2/Camara/Recordings/2026-09-10/41-20260910033112.jpg
231728	/media/hdd2/Camara/Recordings/2026-09-10/42-20260910033354.jpg
231481	/media/hdd2/Camara/Recordings/2026-09-10/43-20260910034309.jpg
234178	/media/hdd2/Camara/Recordings/2026-09-10/44-20260910034558.jpg
238198	/media/hdd2/Camara/Recordings/2026-09-10/45-20260910044329.jpg
237885	/media/hdd2/Camara/Recordings/2026-09-10/46-20260910044722.jpg
238332	/media/hdd2/Camara/Recordings/2026-09-10/48-20260910063530.jpg
235213	/media/hdd2/Camara/Recordings/2026-09-10/49-20260910063911.jpg
257753	/media/hdd2/Camara/Recordings/2026-09-10/50-20260910064114.jpg
257941	/media/hdd2/Camara/Recordings/2026-09-10/51-20260910064217.jpg
238217	/media/hdd2/Camara/Recordings/2026-09-10/52-20260910064236.jpg
329529	/media/hdd2/Camara/Recordings/2026-09-10/54-20260910070707.jpg
327819	/media/hdd2/Camara/Recordings/2026-09-10/55-20260910074225.jpg
403541	/media/hdd2/Camara/Recordings/2026-09-10/56-20260910084048.jpg
403245	/media/hdd2/Camara/Recordings/2026-09-10/57-20260910085717.jpg
398769	/media/hdd2/Camara/Recordings/2026-09-10/58-20260910085746.jpg
406474	/media/hdd2/Camara/Recordings/2026-09-10/59-20260910090135.jpg
406279	/media/hdd2/Camara/Recordings/2026-09-10/60-20260910090201.jpg
400371	/media/hdd2/Camara/Recordings/2026-09-10/63-20260910090656.jpg
406121	/media/hdd2/Camara/Recordings/2026-09-10/64-20260910093112.jpg
405951	/media/hdd2/Camara/Recordings/2026-09-10/65-20260910093212.jpg
408858	/media/hdd2/Camara/Recordings/2026-09-10/66-20260910093405.jpg
392437	/media/hdd2/Camara/Recordings/2026-09-10/67-20260910093652.jpg
386683	/media/hdd2/Camara/Recordings/2026-09-10/68-20260910093721.jpg
381249	/media/hdd2/Camara/Recordings/2026-09-10/70-20260910095120.jpg
398748	/media/hdd2/Camara/Recordings/2026-09-10/71-20260910095207.jpg
396627	/media/hdd2/Camara/Recordings/2026-09-10/72-20260910095625.jpg
387601	/media/hdd2/Camara/Recordings/2026-09-10/73-20260910100634.jpg
379693	/media/hdd2/Camara/Recordings/2026-09-10/75-20260910101737.jpg
372614	/media/hdd2/Camara/Recordings/2026-09-10/76-20260910101906.jpg
365242	/media/hdd2/Camara/Recordings/2026-09-10/77-20260910102019.jpg
369837	/media/hdd2/Camara/Recordings/2026-09-10/78-20260910103419.jpg
374914	/media/hdd2/Camara/Recordings/2026-09-10/79-20260910103814.jpg
387221	/media/hdd2/Camara/Recordings/2026-09-10/80-20260910104804.jpg
385201	/media/hdd2/Camara/Recordings/2026-09-10/81-20260910104837.jpg
396160	/media/hdd2/Camara/Recordings/2026-09-10/82-20260910104935.jpg
392082	/media/hdd2/Camara/Recordings/2026-09-10/83-20260910105604.jpg
384712	/media/hdd2/Camara/Recordings/2026-09-10/84-20260910110121.jpg
381310	/media/hdd2/Camara/Recordings/2026-09-10/85-20260910111040.jpg
378780	/media/hdd2/Camara/Recordings/2026-09-10/86-20260910111054.jpg
383142	/media/hdd2/Camara/Recordings/2026-09-10/87-20260910111434.jpg
376516	/media/hdd2/Camara/Recordings/2026-09-10/88-20260910111741.jpg
375095	/media/hdd2/Camara/Recordings/2026-09-10/89-20260910111755.jpg
373476	/media/hdd2/Camara/Recordings/2026-09-10/91-20260910112208.jpg
369702	/media/hdd2/Camara/Recordings/2026-09-10/92-20260910112232.jpg
368965	/media/hdd2/Camara/Recordings/2026-09-10/93-20260910112256.jpg
369970	/media/hdd2/Camara/Recordings/2026-09-10/96-20260910112502.jpg
375435	/media/hdd2/Camara/Recordings/2026-09-10/97-20260910112522.jpg
379681	/media/hdd2/Camara/Recordings/2026-09-10/98-20260910112633.jpg
383260	/media/hdd2/Camara/Recordings/2026-09-10/99-20260910113202.jpg
399674	/media/hdd2/Camara/Recordings/2026-09-11/01-20260911100155.jpg
411069	/media/hdd2/Camara/Recordings/2026-09-11/01-20260911110407.jpg
409187	/media/hdd2/Camara/Recordings/2026-09-11/01-20260911110621.jpg
418659	/media/hdd2/Camara/Recordings/2026-09-11/02-20260911104013.jpg
405310	/media/hdd2/Camara/Recordings/2026-09-11/02-20260911114216.jpg
406923	/media/hdd2/Camara/Recordings/2026-09-11/03-20260911114421.jpg
410128	/media/hdd2/Camara/Recordings/2026-09-11/04-20260911115628.jpg
405067	/media/hdd2/Camara/Recordings/2026-09-11/05-20260911121047.jpg
400119	/media/hdd2/Camara/Recordings/2026-09-11/06-20260911121649.jpg
408460	/media/hdd2/Camara/Recordings/2026-09-11/07-20260911131446.jpg
402189	/media/hdd2/Camara/Recordings/2026-09-11/08-20260911131733.jpg
398888	/media/hdd2/Camara/Recordings/2026-09-11/09-20260911131847.jpg
403294	/media/hdd2/Camara/Recordings/2026-09-11/10-20260911133916.jpg
408428	/media/hdd2/Camara/Recordings/2026-09-11/11-20260911143249.jpg
396893	/media/hdd2/Camara/Recordings/2026-09-11/12-20260911143312.jpg
405147	/media/hdd2/Camara/Recordings/2026-09-11/13-20260911143454.jpg
412095	/media/hdd2/Camara/Recordings/2026-09-11/14-20260911143535.jpg
352720	/media/hdd2/Camara/Recordings/2026-09-11/16-20260911143639.jpg
381360	/media/hdd2/Camara/Recordings/2026-09-11/17-20260911143730.jpg
245539	/media/hdd2/Camara/Recordings/2026-09-11/175-20260911001859.jpg
238114	/media/hdd2/Camara/Recordings/2026-09-11/176-20260911002251.jpg
232909	/media/hdd2/Camara/Recordings/2026-09-11/177-20260911003027.jpg
232705	/media/hdd2/Camara/Recordings/2026-09-11/178-20260911003335.jpg
228936	/media/hdd2/Camara/Recordings/2026-09-11/179-20260911004349.jpg
226954	/media/hdd2/Camara/Recordings/2026-09-11/181-20260911010917.jpg
411622	/media/hdd2/Camara/Recordings/2026-09-11/18-20260911143800.jpg
218741	/media/hdd2/Camara/Recordings/2026-09-11/182-20260911022537.jpg
221236	/media/hdd2/Camara/Recordings/2026-09-11/184-20260911023844.jpg
223894	/media/hdd2/Camara/Recordings/2026-09-11/185-20260911030247.jpg
231314	/media/hdd2/Camara/Recordings/2026-09-11/187-20260911033454.jpg
229009	/media/hdd2/Camara/Recordings/2026-09-11/188-20260911034108.jpg
231113	/media/hdd2/Camara/Recordings/2026-09-11/189-20260911034411.jpg
221169	/media/hdd2/Camara/Recordings/2026-09-11/190-20260911040726.jpg
223885	/media/hdd2/Camara/Recordings/2026-09-11/191-20260911041907.jpg
394040	/media/hdd2/Camara/Recordings/2026-09-11/19-20260911161415.jpg
227830	/media/hdd2/Camara/Recordings/2026-09-11/192-20260911044447.jpg
228652	/media/hdd2/Camara/Recordings/2026-09-11/193-20260911044611.jpg
226439	/media/hdd2/Camara/Recordings/2026-09-11/194-20260911055630.jpg
234547	/media/hdd2/Camara/Recordings/2026-09-11/195-20260911064251.jpg
252733	/media/hdd2/Camara/Recordings/2026-09-11/196-20260911064430.jpg
242179	/media/hdd2/Camara/Recordings/2026-09-11/197-20260911064550.jpg
385457	/media/hdd2/Camara/Recordings/2026-09-11/198-20260911073033.jpg
404185	/media/hdd2/Camara/Recordings/2026-09-11/199-20260911080507.jpg
407117	/media/hdd2/Camara/Recordings/2026-09-11/200-20260911082053.jpg
404323	/media/hdd2/Camara/Recordings/2026-09-11/201-20260911084759.jpg
392858	/media/hdd2/Camara/Recordings/2026-09-11/20-20260911163857.jpg
405338	/media/hdd2/Camara/Recordings/2026-09-11/202-20260911094149.jpg
412491	/media/hdd2/Camara/Recordings/2026-09-11/203-20260911094405.jpg
396477	/media/hdd2/Camara/Recordings/2026-09-11/21-20260911171828.jpg
397785	/media/hdd2/Camara/Recordings/2026-09-11/22-20260911173153.jpg
400202	/media/hdd2/Camara/Recordings/2026-09-11/23-20260911174213.jpg
393024	/media/hdd2/Camara/Recordings/2026-09-11/24-20260911175305.jpg
402813	/media/hdd2/Camara/Recordings/2026-09-11/25-20260911181033.jpg
402495	/media/hdd2/Camara/Recordings/2026-09-11/26-20260911181054.jpg
391783	/media/hdd2/Camara/Recordings/2026-09-11/27-20260911181350.jpg
397973	/media/hdd2/Camara/Recordings/2026-09-11/28-20260911181547.jpg
404101	/media/hdd2/Camara/Recordings/2026-09-11/29-20260911181612.jpg
350280	/media/hdd2/Camara/Recordings/2026-09-11/30-20260911185801.jpg
234887	/media/hdd2/Camara/Recordings/2026-09-11/31-20260911191229.jpg
223723	/media/hdd2/Camara/Recordings/2026-09-11/32-20260911192132.jpg
220244	/media/hdd2/Camara/Recordings/2026-09-11/33-20260911192713.jpg
220417	/media/hdd2/Camara/Recordings/2026-09-11/34-20260911192757.jpg
225798	/media/hdd2/Camara/Recordings/2026-09-11/35-20260911193202.jpg
222422	/media/hdd2/Camara/Recordings/2026-09-11/36-20260911193512.jpg
340512	/media/hdd2/Camara/Recordings/2026-09-11/37-20260911193954.jpg
348917	/media/hdd2/Camara/Recordings/2026-09-11/38-20260911194040.jpg
364188	/media/hdd2/Camara/Recordings/2026-09-11/39-20260911195430.jpg
368662	/media/hdd2/Camara/Recordings/2026-09-11/40-20260911200523.jpg
369361	/media/hdd2/Camara/Recordings/2026-09-11/41-20260911200645.jpg
367871	/media/hdd2/Camara/Recordings/2026-09-11/42-20260911201131.jpg
366011	/media/hdd2/Camara/Recordings/2026-09-11/43-20260911211440.jpg
366862	/media/hdd2/Camara/Recordings/2026-09-11/44-20260911214248.jpg
212347	/media/hdd2/Camara/Recordings/2026-09-12/100-20260912064014.jpg
239151	/media/hdd2/Camara/Recordings/2026-09-12/101-20260912064239.jpg
208707	/media/hdd2/Camara/Recordings/2026-09-12/102-20260912064305.jpg
259551	/media/hdd2/Camara/Recordings/2026-09-12/103-20260912064806.jpg
343076	/media/hdd2/Camara/Recordings/2026-09-12/104-20260912074314.jpg
369361	/media/hdd2/Camara/Recordings/2026-09-12/105-20260912104235.jpg
372965	/media/hdd2/Camara/Recordings/2026-09-12/106-20260912104950.jpg
371739	/media/hdd2/Camara/Recordings/2026-09-12/107-20260912115235.jpg
372312	/media/hdd2/Camara/Recordings/2026-09-12/108-20260912115718.jpg
373556	/media/hdd2/Camara/Recordings/2026-09-12/109-20260912121717.jpg
367498	/media/hdd2/Camara/Recordings/2026-09-12/110-20260912123501.jpg
374363	/media/hdd2/Camara/Recordings/2026-09-12/111-20260912132234.jpg
367806	/media/hdd2/Camara/Recordings/2026-09-12/112-20260912134414.jpg
358430	/media/hdd2/Camara/Recordings/2026-09-12/113-20260912143102.jpg
382427	/media/hdd2/Camara/Recordings/2026-09-12/114-20260912143222.jpg
365875	/media/hdd2/Camara/Recordings/2026-09-12/115-20260912144318.jpg
367686	/media/hdd2/Camara/Recordings/2026-09-12/116-20260912144330.jpg
383540	/media/hdd2/Camara/Recordings/2026-09-12/117-20260912144905.jpg
374950	/media/hdd2/Camara/Recordings/2026-09-12/118-20260912150356.jpg
366610	/media/hdd2/Camara/Recordings/2026-09-12/119-20260912150700.jpg
382342	/media/hdd2/Camara/Recordings/2026-09-12/120-20260912160031.jpg
378958	/media/hdd2/Camara/Recordings/2026-09-12/121-20260912162217.jpg
376188	/media/hdd2/Camara/Recordings/2026-09-12/122-20260912162423.jpg
366766	/media/hdd2/Camara/Recordings/2026-09-12/123-20260912162607.jpg
370507	/media/hdd2/Camara/Recordings/2026-09-12/124-20260912163622.jpg
379422	/media/hdd2/Camara/Recordings/2026-09-12/125-20260912165108.jpg
377854	/media/hdd2/Camara/Recordings/2026-09-12/126-20260912170013.jpg
371925	/media/hdd2/Camara/Recordings/2026-09-12/127-20260912170030.jpg
369985	/media/hdd2/Camara/Recordings/2026-09-12/128-20260912170229.jpg
370351	/media/hdd2/Camara/Recordings/2026-09-12/129-20260912172238.jpg
379524	/media/hdd2/Camara/Recordings/2026-09-12/130-20260912173411.jpg
380633	/media/hdd2/Camara/Recordings/2026-09-12/131-20260912173646.jpg
366362	/media/hdd2/Camara/Recordings/2026-09-12/132-20260912174314.jpg
373494	/media/hdd2/Camara/Recordings/2026-09-12/133-20260912174653.jpg
340295	/media/hdd2/Camara/Recordings/2026-09-12/134-20260912190142.jpg
218647	/media/hdd2/Camara/Recordings/2026-09-12/135-20260912192914.jpg
357618	/media/hdd2/Camara/Recordings/2026-09-12/136-20260912202049.jpg
353370	/media/hdd2/Camara/Recordings/2026-09-12/137-20260912202159.jpg
350242	/media/hdd2/Camara/Recordings/2026-09-12/138-20260912232055.jpg
364536	/media/hdd2/Camara/Recordings/2026-09-12/139-20260912232123.jpg
360254	/media/hdd2/Camara/Recordings/2026-09-12/45-20260912010417.jpg
360761	/media/hdd2/Camara/Recordings/2026-09-12/46-20260912010731.jpg
220968	/media/hdd2/Camara/Recordings/2026-09-12/47-20260912025122.jpg
233574	/media/hdd2/Camara/Recordings/2026-09-12/48-20260912033953.jpg
236750	/media/hdd2/Camara/Recordings/2026-09-12/49-20260912041206.jpg
219106	/media/hdd2/Camara/Recordings/2026-09-12/50-20260912045500.jpg
221943	/media/hdd2/Camara/Recordings/2026-09-12/51-20260912045826.jpg
222552	/media/hdd2/Camara/Recordings/2026-09-12/52-20260912053817.jpg
229261	/media/hdd2/Camara/Recordings/2026-09-12/53-20260912054749.jpg
233841	/media/hdd2/Camara/Recordings/2026-09-12/54-20260912054818.jpg
234486	/media/hdd2/Camara/Recordings/2026-09-12/55-20260912055357.jpg
225822	/media/hdd2/Camara/Recordings/2026-09-12/56-20260912060453.jpg
227518	/media/hdd2/Camara/Recordings/2026-09-12/57-20260912061300.jpg
221199	/media/hdd2/Camara/Recordings/2026-09-12/58-20260912061447.jpg
211528	/media/hdd2/Camara/Recordings/2026-09-12/59-20260912061535.jpg
216687	/media/hdd2/Camara/Recordings/2026-09-12/60-20260912061554.jpg
208575	/media/hdd2/Camara/Recordings/2026-09-12/61-20260912061643.jpg
212454	/media/hdd2/Camara/Recordings/2026-09-12/62-20260912061654.jpg
215889	/media/hdd2/Camara/Recordings/2026-09-12/63-20260912061931.jpg
223976	/media/hdd2/Camara/Recordings/2026-09-12/64-20260912061944.jpg
220440	/media/hdd2/Camara/Recordings/2026-09-12/65-20260912061954.jpg
219701	/media/hdd2/Camara/Recordings/2026-09-12/66-20260912062146.jpg
218183	/media/hdd2/Camara/Recordings/2026-09-12/67-20260912062206.jpg
215823	/media/hdd2/Camara/Recordings/2026-09-12/68-20260912062222.jpg
222218	/media/hdd2/Camara/Recordings/2026-09-12/69-20260912062408.jpg
220852	/media/hdd2/Camara/Recordings/2026-09-12/70-20260912062513.jpg
229064	/media/hdd2/Camara/Recordings/2026-09-12/71-20260912062730.jpg
231804	/media/hdd2/Camara/Recordings/2026-09-12/73-20260912062801.jpg
234020	/media/hdd2/Camara/Recordings/2026-09-12/74-20260912062827.jpg
218972	/media/hdd2/Camara/Recordings/2026-09-12/75-20260912062932.jpg
235866	/media/hdd2/Camara/Recordings/2026-09-12/76-20260912062943.jpg
216710	/media/hdd2/Camara/Recordings/2026-09-12/78-20260912063005.jpg
233451	/media/hdd2/Camara/Recordings/2026-09-12/79-20260912063016.jpg
239564	/media/hdd2/Camara/Recordings/2026-09-12/80-20260912063029.jpg
225471	/media/hdd2/Camara/Recordings/2026-09-12/81-20260912063046.jpg
232333	/media/hdd2/Camara/Recordings/2026-09-12/82-20260912063108.jpg
235404	/media/hdd2/Camara/Recordings/2026-09-12/83-20260912063151.jpg
233484	/media/hdd2/Camara/Recordings/2026-09-12/84-20260912063305.jpg
226040	/media/hdd2/Camara/Recordings/2026-09-12/85-20260912063323.jpg
231464	/media/hdd2/Camara/Recordings/2026-09-12/86-20260912063342.jpg
233112	/media/hdd2/Camara/Recordings/2026-09-12/87-20260912063403.jpg
217252	/media/hdd2/Camara/Recordings/2026-09-12/88-20260912063418.jpg
216730	/media/hdd2/Camara/Recordings/2026-09-12/89-20260912063540.jpg
228655	/media/hdd2/Camara/Recordings/2026-09-12/90-20260912063613.jpg
229046	/media/hdd2/Camara/Recordings/2026-09-12/91-20260912063624.jpg
223057	/media/hdd2/Camara/Recordings/2026-09-12/93-20260912063651.jpg
226879	/media/hdd2/Camara/Recordings/2026-09-12/95-20260912063728.jpg
229944	/media/hdd2/Camara/Recordings/2026-09-12/96-20260912063757.jpg
231018	/media/hdd2/Camara/Recordings/2026-09-12/97-20260912063812.jpg
225263	/media/hdd2/Camara/Recordings/2026-09-12/98-20260912063851.jpg
233976	/media/hdd2/Camara/Recordings/2026-09-12/99-20260912063940.jpg
369994	/media/hdd2/Camara/Recordings/2026-09-13/01-20260913182533.jpg
371655	/media/hdd2/Camara/Recordings/2026-09-13/02-20260913183522.jpg
333168	/media/hdd2/Camara/Recordings/2026-09-13/03-20260913190526.jpg
247167	/media/hdd2/Camara/Recordings/2026-09-13/04-20260913191140.jpg
225103	/media/hdd2/Camara/Recordings/2026-09-13/05-20260913192310.jpg
216015	/media/hdd2/Camara/Recordings/2026-09-13/06-20260913192608.jpg
215630	/media/hdd2/Camara/Recordings/2026-09-13/07-20260913192715.jpg
353020	/media/hdd2/Camara/Recordings/2026-09-13/08-20260913215712.jpg
409694	/media/hdd2/Camara/Recordings/2026-09-13/10-20260913231717.jpg
404162	/media/hdd2/Camara/Recordings/2026-09-13/11-20260913231750.jpg
350532	/media/hdd2/Camara/Recordings/2026-09-13/140-20260913013116.jpg
228642	/media/hdd2/Camara/Recordings/2026-09-13/141-20260913052026.jpg
212747	/media/hdd2/Camara/Recordings/2026-09-13/142-20260913063450.jpg
215079	/media/hdd2/Camara/Recordings/2026-09-13/143-20260913063601.jpg
316204	/media/hdd2/Camara/Recordings/2026-09-13/145-20260913070442.jpg
329090	/media/hdd2/Camara/Recordings/2026-09-13/146-20260913073654.jpg
371142	/media/hdd2/Camara/Recordings/2026-09-13/147-20260913084443.jpg
376421	/media/hdd2/Camara/Recordings/2026-09-13/148-20260913085502.jpg
391620	/media/hdd2/Camara/Recordings/2026-09-13/149-20260913101040.jpg
378312	/media/hdd2/Camara/Recordings/2026-09-13/150-20260913104557.jpg
358905	/media/hdd2/Camara/Recordings/2026-09-13/151-20260913112105.jpg
361849	/media/hdd2/Camara/Recordings/2026-09-13/153-20260913122118.jpg
334694	/media/hdd2/Camara/Recordings/2026-09-13/155-20260913125319.jpg
356872	/media/hdd2/Camara/Recordings/2026-09-13/156-20260913125419.jpg
321613	/media/hdd2/Camara/Recordings/2026-09-13/157-20260913135511.jpg
365310	/media/hdd2/Camara/Recordings/2026-09-13/159-20260913144659.jpg
360675	/media/hdd2/Camara/Recordings/2026-09-13/160-20260913145718.jpg
362814	/media/hdd2/Camara/Recordings/2026-09-13/161-20260913150310.jpg
372005	/media/hdd2/Camara/Recordings/2026-09-13/162-20260913151611.jpg
380565	/media/hdd2/Camara/Recordings/2026-09-13/163-20260913155123.jpg
413366	/media/hdd2/Camara/Recordings/2026-09-14/01-20260914124627.jpg
416708	/media/hdd2/Camara/Recordings/2026-09-14/01-20260914170444.jpg
429062	/media/hdd2/Camara/Recordings/2026-09-14/02-20260914125738.jpg
404739	/media/hdd2/Camara/Recordings/2026-09-14/02-20260914171924.jpg
434264	/media/hdd2/Camara/Recordings/2026-09-14/03-20260914130423.jpg
418041	/media/hdd2/Camara/Recordings/2026-09-14/03-20260914172153.jpg
446588	/media/hdd2/Camara/Recordings/2026-09-14/04-20260914131218.jpg
418032	/media/hdd2/Camara/Recordings/2026-09-14/04-20260914173146.jpg
411383	/media/hdd2/Camara/Recordings/2026-09-14/05-20260914173340.jpg
438891	/media/hdd2/Camara/Recordings/2026-09-14/06-20260914131407.jpg
419683	/media/hdd2/Camara/Recordings/2026-09-14/06-20260914173432.jpg
409604	/media/hdd2/Camara/Recordings/2026-09-14/07-20260914174106.jpg
408929	/media/hdd2/Camara/Recordings/2026-09-14/08-20260914175531.jpg
415451	/media/hdd2/Camara/Recordings/2026-09-14/09-20260914131617.jpg
408516	/media/hdd2/Camara/Recordings/2026-09-14/09-20260914175612.jpg
444609	/media/hdd2/Camara/Recordings/2026-09-14/10-20260914131656.jpg
407890	/media/hdd2/Camara/Recordings/2026-09-14/10-20260914175645.jpg
437938	/media/hdd2/Camara/Recordings/2026-09-14/11-20260914132221.jpg
407407	/media/hdd2/Camara/Recordings/2026-09-14/11-20260914175734.jpg
401280	/media/hdd2/Camara/Recordings/2026-09-14/12-20260914003921.jpg
428064	/media/hdd2/Camara/Recordings/2026-09-14/12-20260914180417.jpg
386847	/media/hdd2/Camara/Recordings/2026-09-14/13-20260914010846.jpg
440401	/media/hdd2/Camara/Recordings/2026-09-14/13-20260914132321.jpg
426917	/media/hdd2/Camara/Recordings/2026-09-14/13-20260914180517.jpg
460619	/media/hdd2/Camara/Recordings/2026-09-14/14-20260914082522.jpg
433423	/media/hdd2/Camara/Recordings/2026-09-14/14-20260914132542.jpg
407105	/media/hdd2/Camara/Recordings/2026-09-14/14-20260914180838.jpg
465438	/media/hdd2/Camara/Recordings/2026-09-14/15-20260914082833.jpg
431937	/media/hdd2/Camara/Recordings/2026-09-14/15-20260914141502.jpg
410812	/media/hdd2/Camara/Recordings/2026-09-14/15-20260914182437.jpg
484023	/media/hdd2/Camara/Recordings/2026-09-14/16-20260914090521.jpg
437712	/media/hdd2/Camara/Recordings/2026-09-14/16-20260914141820.jpg
428526	/media/hdd2/Camara/Recordings/2026-09-14/16-20260914183312.jpg
428238	/media/hdd2/Camara/Recordings/2026-09-14/17-20260914141918.jpg
366038	/media/hdd2/Camara/Recordings/2026-09-14/17-20260914185304.jpg
482834	/media/hdd2/Camara/Recordings/2026-09-14/18-20260914092445.jpg
440262	/media/hdd2/Camara/Recordings/2026-09-14/18-20260914142054.jpg
356958	/media/hdd2/Camara/Recordings/2026-09-14/18-20260914142254.jpg
399408	/media/hdd2/Camara/Recordings/2026-09-14/18-20260914185434.jpg
472715	/media/hdd2/Camara/Recordings/2026-09-14/19-20260914092453.jpg
401497	/media/hdd2/Camara/Recordings/2026-09-14/19-20260914142728.jpg
383666	/media/hdd2/Camara/Recordings/2026-09-14/19-20260914185556.jpg
487625	/media/hdd2/Camara/Recordings/2026-09-14/20-20260914094547.jpg
400246	/media/hdd2/Camara/Recordings/2026-09-14/20-20260914142832.jpg
376030	/media/hdd2/Camara/Recordings/2026-09-14/20-20260914185627.jpg
412773	/media/hdd2/Camara/Recordings/2026-09-14/21-20260914143843.jpg
414279	/media/hdd2/Camara/Recordings/2026-09-14/21-20260914185745.jpg
491976	/media/hdd2/Camara/Recordings/2026-09-14/22-20260914095350.jpg
399199	/media/hdd2/Camara/Recordings/2026-09-14/22-20260914143903.jpg
415602	/media/hdd2/Camara/Recordings/2026-09-14/22-20260914185953.jpg
505141	/media/hdd2/Camara/Recordings/2026-09-14/23-20260914100128.jpg
400899	/media/hdd2/Camara/Recordings/2026-09-14/23-20260914144218.jpg
413059	/media/hdd2/Camara/Recordings/2026-09-14/23-20260914200012.jpg
505676	/media/hdd2/Camara/Recordings/2026-09-14/24-20260914100147.jpg
399393	/media/hdd2/Camara/Recordings/2026-09-14/24-20260914144238.jpg
412513	/media/hdd2/Camara/Recordings/2026-09-14/24-20260914202501.jpg
480626	/media/hdd2/Camara/Recordings/2026-09-14/25-20260914100726.jpg
405523	/media/hdd2/Camara/Recordings/2026-09-14/25-20260914144740.jpg
404669	/media/hdd2/Camara/Recordings/2026-09-14/25-20260914203509.jpg
465203	/media/hdd2/Camara/Recordings/2026-09-14/26-20260914103541.jpg
406683	/media/hdd2/Camara/Recordings/2026-09-14/26-20260914144834.jpg
410326	/media/hdd2/Camara/Recordings/2026-09-14/26-20260914213120.jpg
452468	/media/hdd2/Camara/Recordings/2026-09-14/27-20260914113833.jpg
410568	/media/hdd2/Camara/Recordings/2026-09-14/27-20260914145140.jpg
413974	/media/hdd2/Camara/Recordings/2026-09-14/27-20260914213620.jpg
414539	/media/hdd2/Camara/Recordings/2026-09-14/28-20260914145240.jpg
399203	/media/hdd2/Camara/Recordings/2026-09-14/28-20260914233741.jpg
436890	/media/hdd2/Camara/Recordings/2026-09-14/29-20260914114732.jpg
398207	/media/hdd2/Camara/Recordings/2026-09-14/29-20260914233939.jpg
438636	/media/hdd2/Camara/Recordings/2026-09-14/30-20260914114830.jpg
425853	/media/hdd2/Camara/Recordings/2026-09-14/30-20260914145712.jpg
437206	/media/hdd2/Camara/Recordings/2026-09-14/31-20260914114853.jpg
407985	/media/hdd2/Camara/Recordings/2026-09-14/31-20260914145731.jpg
408095	/media/hdd2/Camara/Recordings/2026-09-14/32-20260914120457.jpg
424225	/media/hdd2/Camara/Recordings/2026-09-14/32-20260914145856.jpg
447891	/media/hdd2/Camara/Recordings/2026-09-14/33-20260914120953.jpg
431688	/media/hdd2/Camara/Recordings/2026-09-14/33-20260914145934.jpg
431985	/media/hdd2/Camara/Recordings/2026-09-14/34-20260914121149.jpg
432461	/media/hdd2/Camara/Recordings/2026-09-14/35-20260914121232.jpg
413734	/media/hdd2/Camara/Recordings/2026-09-14/35-20260914150244.jpg
426128	/media/hdd2/Camara/Recordings/2026-09-14/37-20260914122155.jpg
405119	/media/hdd2/Camara/Recordings/2026-09-14/37-20260914150335.jpg
428384	/media/hdd2/Camara/Recordings/2026-09-14/38-20260914122625.jpg
434559	/media/hdd2/Camara/Recordings/2026-09-14/38-20260914150457.jpg
441981	/media/hdd2/Camara/Recordings/2026-09-14/39-20260914122922.jpg
431238	/media/hdd2/Camara/Recordings/2026-09-14/39-20260914150513.jpg
441267	/media/hdd2/Camara/Recordings/2026-09-14/40-20260914122953.jpg
442126	/media/hdd2/Camara/Recordings/2026-09-14/40-20260914150543.jpg
433921	/media/hdd2/Camara/Recordings/2026-09-14/41-20260914150702.jpg
434572	/media/hdd2/Camara/Recordings/2026-09-14/42-20260914150759.jpg
442300	/media/hdd2/Camara/Recordings/2026-09-14/43-20260914150838.jpg
424323	/media/hdd2/Camara/Recordings/2026-09-14/44-20260914150854.jpg
446097	/media/hdd2/Camara/Recordings/2026-09-14/46-20260914151243.jpg
442424	/media/hdd2/Camara/Recordings/2026-09-14/47-20260914151443.jpg
433833	/media/hdd2/Camara/Recordings/2026-09-14/48-20260914151600.jpg
428085	/media/hdd2/Camara/Recordings/2026-09-14/49-20260914151931.jpg
433120	/media/hdd2/Camara/Recordings/2026-09-14/50-20260914152012.jpg
422379	/media/hdd2/Camara/Recordings/2026-09-14/51-20260914152105.jpg
428150	/media/hdd2/Camara/Recordings/2026-09-14/52-20260914152206.jpg
412400	/media/hdd2/Camara/Recordings/2026-09-14/54-20260914152701.jpg
411583	/media/hdd2/Camara/Recordings/2026-09-14/55-20260914152748.jpg
410468	/media/hdd2/Camara/Recordings/2026-09-14/56-20260914152824.jpg
409903	/media/hdd2/Camara/Recordings/2026-09-14/57-20260914152925.jpg
408641	/media/hdd2/Camara/Recordings/2026-09-14/58-20260914152941.jpg
408794	/media/hdd2/Camara/Recordings/2026-09-14/59-20260914153258.jpg
404118	/media/hdd2/Camara/Recordings/2026-09-14/60-20260914153322.jpg
409892	/media/hdd2/Camara/Recordings/2026-09-14/62-20260914153755.jpg
405888	/media/hdd2/Camara/Recordings/2026-09-14/63-20260914153810.jpg
397225	/media/hdd2/Camara/Recordings/2026-09-14/64-20260914154125.jpg
404268	/media/hdd2/Camara/Recordings/2026-09-14/65-20260914154216.jpg
408342	/media/hdd2/Camara/Recordings/2026-09-14/66-20260914154451.jpg
409550	/media/hdd2/Camara/Recordings/2026-09-14/67-20260914155214.jpg
414980	/media/hdd2/Camara/Recordings/2026-09-14/68-20260914155624.jpg
404724	/media/hdd2/Camara/Recordings/2026-09-14/69-20260914160104.jpg
417375	/media/hdd2/Camara/Recordings/2026-09-14/70-20260914160542.jpg
411788	/media/hdd2/Camara/Recordings/2026-09-14/71-20260914160651.jpg
409965	/media/hdd2/Camara/Recordings/2026-09-14/72-20260914160659.jpg
416637	/media/hdd2/Camara/Recordings/2026-09-14/74-20260914160748.jpg
414375	/media/hdd2/Camara/Recordings/2026-09-14/75-20260914161526.jpg
409522	/media/hdd2/Camara/Recordings/2026-09-14/76-20260914161643.jpg
412103	/media/hdd2/Camara/Recordings/2026-09-14/77-20260914161716.jpg
410051	/media/hdd2/Camara/Recordings/2026-09-14/78-20260914162149.jpg
412745	/media/hdd2/Camara/Recordings/2026-09-14/79-20260914162243.jpg
412379	/media/hdd2/Camara/Recordings/2026-09-14/80-20260914162433.jpg
414041	/media/hdd2/Camara/Recordings/2026-09-14/81-20260914162522.jpg
403102	/media/hdd2/Camara/Recordings/2026-09-14/82-20260914162939.jpg
409104	/media/hdd2/Camara/Recordings/2026-09-14/83-20260914163042.jpg
403068	/media/hdd2/Camara/Recordings/2026-09-14/84-20260914163203.jpg
402452	/media/hdd2/Camara/Recordings/2026-09-14/85-20260914163246.jpg
415010	/media/hdd2/Camara/Recordings/2026-09-14/86-20260914163418.jpg
405599	/media/hdd2/Camara/Recordings/2026-09-14/87-20260914163716.jpg
413526	/media/hdd2/Camara/Recordings/2026-09-14/88-20260914163900.jpg
413427	/media/hdd2/Camara/Recordings/2026-09-14/89-20260914163932.jpg
427610	/media/hdd2/Camara/Recordings/2026-09-14/90-20260914164709.jpg
429112	/media/hdd2/Camara/Recordings/2026-09-14/91-20260914165802.jpg
418533	/media/hdd2/Camara/Recordings/2026-09-14/92-20260914170454.jpg
495525	/media/hdd2/Camara/Recordings/2026-09-15/01-20260915093112.jpg
495913	/media/hdd2/Camara/Recordings/2026-09-15/02-20260915094601.jpg
495941	/media/hdd2/Camara/Recordings/2026-09-15/03-20260915094905.jpg
465207	/media/hdd2/Camara/Recordings/2026-09-15/04-20260915095007.jpg
490515	/media/hdd2/Camara/Recordings/2026-09-15/05-20260915095511.jpg
454744	/media/hdd2/Camara/Recordings/2026-09-15/06-20260915102728.jpg
451799	/media/hdd2/Camara/Recordings/2026-09-15/07-20260915102834.jpg
460055	/media/hdd2/Camara/Recordings/2026-09-15/08-20260915104305.jpg
461723	/media/hdd2/Camara/Recordings/2026-09-15/09-20260915104426.jpg
404022	/media/hdd2/Camara/Recordings/2026-09-15/100-20260915173021.jpg
419358	/media/hdd2/Camara/Recordings/2026-09-15/101-20260915173513.jpg
460587	/media/hdd2/Camara/Recordings/2026-09-15/10-20260915104856.jpg
417642	/media/hdd2/Camara/Recordings/2026-09-15/102-20260915173601.jpg
430602	/media/hdd2/Camara/Recordings/2026-09-15/103-20260915174120.jpg
401374	/media/hdd2/Camara/Recordings/2026-09-15/104-20260915180002.jpg
410233	/media/hdd2/Camara/Recordings/2026-09-15/105-20260915180020.jpg
434015	/media/hdd2/Camara/Recordings/2026-09-15/106-20260915180359.jpg
439110	/media/hdd2/Camara/Recordings/2026-09-15/107-20260915180902.jpg
434260	/media/hdd2/Camara/Recordings/2026-09-15/108-20260915181143.jpg
433206	/media/hdd2/Camara/Recordings/2026-09-15/109-20260915181210.jpg
450703	/media/hdd2/Camara/Recordings/2026-09-15/110-20260915181246.jpg
440978	/media/hdd2/Camara/Recordings/2026-09-15/111-20260915181415.jpg
443241	/media/hdd2/Camara/Recordings/2026-09-15/11-20260915105237.jpg
454383	/media/hdd2/Camara/Recordings/2026-09-15/112-20260915181741.jpg
436441	/media/hdd2/Camara/Recordings/2026-09-15/113-20260915183009.jpg
457184	/media/hdd2/Camara/Recordings/2026-09-15/114-20260915184712.jpg
438715	/media/hdd2/Camara/Recordings/2026-09-15/115-20260915184900.jpg
411773	/media/hdd2/Camara/Recordings/2026-09-15/116-20260915193234.jpg
385497	/media/hdd2/Camara/Recordings/2026-09-15/117-20260915193305.jpg
381265	/media/hdd2/Camara/Recordings/2026-09-15/118-20260915193728.jpg
399437	/media/hdd2/Camara/Recordings/2026-09-15/119-20260915194525.jpg
410270	/media/hdd2/Camara/Recordings/2026-09-15/120-20260915194835.jpg
392000	/media/hdd2/Camara/Recordings/2026-09-15/121-20260915221621.jpg
470638	/media/hdd2/Camara/Recordings/2026-09-15/12-20260915105735.jpg
394193	/media/hdd2/Camara/Recordings/2026-09-15/122-20260915223449.jpg
465303	/media/hdd2/Camara/Recordings/2026-09-15/13-20260915105848.jpg
434827	/media/hdd2/Camara/Recordings/2026-09-15/13-20260915105948.jpg
456328	/media/hdd2/Camara/Recordings/2026-09-15/14-20260915111243.jpg
421202	/media/hdd2/Camara/Recordings/2026-09-15/14-20260915111343.jpg
424454	/media/hdd2/Camara/Recordings/2026-09-15/15-20260915111430.jpg
426486	/media/hdd2/Camara/Recordings/2026-09-15/16-20260915111842.jpg
436104	/media/hdd2/Camara/Recordings/2026-09-15/17-20260915112003.jpg
451761	/media/hdd2/Camara/Recordings/2026-09-15/18-20260915112118.jpg
441908	/media/hdd2/Camara/Recordings/2026-09-15/19-20260915112145.jpg
434028	/media/hdd2/Camara/Recordings/2026-09-15/20-20260915114526.jpg
404104	/media/hdd2/Camara/Recordings/2026-09-15/20-20260915114629.jpg
431268	/media/hdd2/Camara/Recordings/2026-09-15/21-20260915114706.jpg
421283	/media/hdd2/Camara/Recordings/2026-09-15/21-20260915114806.jpg
417609	/media/hdd2/Camara/Recordings/2026-09-15/22-20260915114859.jpg
388617	/media/hdd2/Camara/Recordings/2026-09-15/22-20260915115002.jpg
422254	/media/hdd2/Camara/Recordings/2026-09-15/23-20260915115049.jpg
438295	/media/hdd2/Camara/Recordings/2026-09-15/24-20260915115132.jpg
415496	/media/hdd2/Camara/Recordings/2026-09-15/25-20260915115158.jpg
416026	/media/hdd2/Camara/Recordings/2026-09-15/25-20260915115302.jpg
421756	/media/hdd2/Camara/Recordings/2026-09-15/26-20260915115320.jpg
422010	/media/hdd2/Camara/Recordings/2026-09-15/27-20260915120658.jpg
441514	/media/hdd2/Camara/Recordings/2026-09-15/28-20260915120736.jpg
427460	/media/hdd2/Camara/Recordings/2026-09-15/29-20260915120952.jpg
398736	/media/hdd2/Camara/Recordings/2026-09-15/30-20260915000459.jpg
425451	/media/hdd2/Camara/Recordings/2026-09-15/30-20260915121526.jpg
398103	/media/hdd2/Camara/Recordings/2026-09-15/31-20260915002058.jpg
441335	/media/hdd2/Camara/Recordings/2026-09-15/31-20260915122020.jpg
395746	/media/hdd2/Camara/Recordings/2026-09-15/32-20260915021533.jpg
392191	/media/hdd2/Camara/Recordings/2026-09-15/32-20260915123008.jpg
394965	/media/hdd2/Camara/Recordings/2026-09-15/33-20260915053629.jpg
422135	/media/hdd2/Camara/Recordings/2026-09-15/33-20260915123323.jpg
397279	/media/hdd2/Camara/Recordings/2026-09-15/34-20260915053709.jpg
401886	/media/hdd2/Camara/Recordings/2026-09-15/34-20260915124815.jpg
395101	/media/hdd2/Camara/Recordings/2026-09-15/35-20260915053721.jpg
422269	/media/hdd2/Camara/Recordings/2026-09-15/35-20260915125031.jpg
396592	/media/hdd2/Camara/Recordings/2026-09-15/36-20260915053735.jpg
384569	/media/hdd2/Camara/Recordings/2026-09-15/36-20260915125140.jpg
396831	/media/hdd2/Camara/Recordings/2026-09-15/37-20260915053758.jpg
381148	/media/hdd2/Camara/Recordings/2026-09-15/37-20260915125805.jpg
393410	/media/hdd2/Camara/Recordings/2026-09-15/38-20260915054838.jpg
421442	/media/hdd2/Camara/Recordings/2026-09-15/38-20260915130354.jpg
395001	/media/hdd2/Camara/Recordings/2026-09-15/39-20260915055705.jpg
406843	/media/hdd2/Camara/Recordings/2026-09-15/39-20260915132940.jpg
491039	/media/hdd2/Camara/Recordings/2026-09-15/40-20260915085923.jpg
388190	/media/hdd2/Camara/Recordings/2026-09-15/40-20260915133638.jpg
473458	/media/hdd2/Camara/Recordings/2026-09-15/41-20260915085952.jpg
414747	/media/hdd2/Camara/Recordings/2026-09-15/41-20260915133704.jpg
495913	/media/hdd2/Camara/Recordings/2026-09-15/42-20260915090123.jpg
443877	/media/hdd2/Camara/Recordings/2026-09-15/43-20260915135303.jpg
406514	/media/hdd2/Camara/Recordings/2026-09-15/44-20260915135338.jpg
386451	/media/hdd2/Camara/Recordings/2026-09-15/45-20260915140105.jpg
419545	/media/hdd2/Camara/Recordings/2026-09-15/47-20260915140205.jpg
430007	/media/hdd2/Camara/Recordings/2026-09-15/48-20260915141850.jpg
425353	/media/hdd2/Camara/Recordings/2026-09-15/49-20260915142006.jpg
419719	/media/hdd2/Camara/Recordings/2026-09-15/52-20260915142410.jpg
453303	/media/hdd2/Camara/Recordings/2026-09-15/53-20260915142752.jpg
416384	/media/hdd2/Camara/Recordings/2026-09-15/54-20260915143311.jpg
464880	/media/hdd2/Camara/Recordings/2026-09-15/55-20260915144439.jpg
414173	/media/hdd2/Camara/Recordings/2026-09-15/56-20260915144447.jpg
422852	/media/hdd2/Camara/Recordings/2026-09-15/57-20260915144817.jpg
433128	/media/hdd2/Camara/Recordings/2026-09-15/58-20260915144854.jpg
458081	/media/hdd2/Camara/Recordings/2026-09-15/59-20260915144931.jpg
448382	/media/hdd2/Camara/Recordings/2026-09-15/60-20260915145006.jpg
427018	/media/hdd2/Camara/Recordings/2026-09-15/61-20260915145056.jpg
418297	/media/hdd2/Camara/Recordings/2026-09-15/62-20260915145650.jpg
419648	/media/hdd2/Camara/Recordings/2026-09-15/63-20260915145719.jpg
452596	/media/hdd2/Camara/Recordings/2026-09-15/64-20260915150817.jpg
456139	/media/hdd2/Camara/Recordings/2026-09-15/65-20260915150857.jpg
439869	/media/hdd2/Camara/Recordings/2026-09-15/66-20260915151002.jpg
421361	/media/hdd2/Camara/Recordings/2026-09-15/67-20260915151519.jpg
412763	/media/hdd2/Camara/Recordings/2026-09-15/68-20260915151625.jpg
433174	/media/hdd2/Camara/Recordings/2026-09-15/69-20260915151706.jpg
417637	/media/hdd2/Camara/Recordings/2026-09-15/70-20260915151714.jpg
439309	/media/hdd2/Camara/Recordings/2026-09-15/71-20260915151835.jpg
409942	/media/hdd2/Camara/Recordings/2026-09-15/72-20260915151856.jpg
429971	/media/hdd2/Camara/Recordings/2026-09-15/73-20260915151934.jpg
428534	/media/hdd2/Camara/Recordings/2026-09-15/74-20260915152004.jpg
421113	/media/hdd2/Camara/Recordings/2026-09-15/75-20260915152241.jpg
441873	/media/hdd2/Camara/Recordings/2026-09-15/76-20260915152333.jpg
419437	/media/hdd2/Camara/Recordings/2026-09-15/77-20260915152536.jpg
407253	/media/hdd2/Camara/Recordings/2026-09-15/78-20260915152615.jpg
416082	/media/hdd2/Camara/Recordings/2026-09-15/79-20260915152654.jpg
419401	/media/hdd2/Camara/Recordings/2026-09-15/80-20260915153531.jpg
442045	/media/hdd2/Camara/Recordings/2026-09-15/81-20260915154154.jpg
413657	/media/hdd2/Camara/Recordings/2026-09-15/82-20260915155419.jpg
412653	/media/hdd2/Camara/Recordings/2026-09-15/83-20260915160123.jpg
417084	/media/hdd2/Camara/Recordings/2026-09-15/84-20260915160241.jpg
421563	/media/hdd2/Camara/Recordings/2026-09-15/85-20260915160304.jpg
427855	/media/hdd2/Camara/Recordings/2026-09-15/86-20260915160833.jpg
397535	/media/hdd2/Camara/Recordings/2026-09-15/87-20260915161242.jpg
403888	/media/hdd2/Camara/Recordings/2026-09-15/88-20260915164527.jpg
421266	/media/hdd2/Camara/Recordings/2026-09-15/89-20260915164536.jpg
455217	/media/hdd2/Camara/Recordings/2026-09-15/90-20260915164911.jpg
437989	/media/hdd2/Camara/Recordings/2026-09-15/91-20260915165330.jpg
441439	/media/hdd2/Camara/Recordings/2026-09-15/92-20260915165451.jpg
440195	/media/hdd2/Camara/Recordings/2026-09-15/93-20260915170005.jpg
384470	/media/hdd2/Camara/Recordings/2026-09-15/94-20260915170022.jpg
419064	/media/hdd2/Camara/Recordings/2026-09-15/95-20260915170044.jpg
422017	/media/hdd2/Camara/Recordings/2026-09-15/96-20260915170919.jpg
432696	/media/hdd2/Camara/Recordings/2026-09-15/97-20260915171102.jpg
417953	/media/hdd2/Camara/Recordings/2026-09-15/98-20260915172335.jpg
433938	/media/hdd2/Camara/Recordings/2026-09-15/99-20260915172615.jpg
451991	/media/hdd2/Camara/Recordings/2026-09-16/01-20260916111659.jpg
484984	/media/hdd2/Camara/Recordings/2026-09-16/01-20260916112904.jpg
486877	/media/hdd2/Camara/Recordings/2026-09-16/01-20260916113144.jpg
449138	/media/hdd2/Camara/Recordings/2026-09-16/02-20260916112118.jpg
457838	/media/hdd2/Camara/Recordings/2026-09-16/03-20260916112454.jpg
401051	/media/hdd2/Camara/Recordings/2026-09-16/123-20260916012211.jpg
382970	/media/hdd2/Camara/Recordings/2026-09-16/124-20260916015123.jpg
384818	/media/hdd2/Camara/Recordings/2026-09-16/125-20260916015356.jpg
478255	/media/hdd2/Camara/Recordings/2026-09-16/126-20260916094512.jpg
477312	/media/hdd2/Camara/Recordings/2026-09-16/127-20260916094603.jpg
465708	/media/hdd2/Camara/Recordings/2026-09-16/128-20260916104342.jpg
462775	/media/hdd2/Camara/Recordings/2026-09-16/129-20260916104424.jpg
487605	/media/hdd2/Camara/Recordings/2026-09-16/130-20260916105246.jpg
496622	/media/hdd2/Camara/Recordings/2026-09-16/131-20260916105638.jpg
